system.cpu.cpu_percent,system.memory.percent,system.disk_usage.0.percent,system.network.total_errin,system.processes.total_count,system.cpu.load_avg.0,system.memory.swap_percent
14.6,46.5,45.0,2,201,0.58,1.4
11.0,45.1,45.0,0,201,0.7,1.3
11.1,44.7,44.9,1,193,0.83,0.9
10.4,44.2,45.1,1,196,0.65,1.1
10.7,44.1,45.0,0,195,0.54,0.5
11.4,43.9,45.0,0,199,0.75,0.8
10.1,44.0,44.9,0,190,0.49,1.1
6.5,43.8,45.1,1,188,0.32,0.8
8.9,43.6,45.0,0,190,0.48,1.1
12.8,45.2,44.9,0,191,0.6,1.2
12.2,45.2,45.0,0,187,0.44,1.4
10.6,44.9,45.0,0,185,0.08,1.0
12.3,45.7,45.0,0,187,0.05,1.3
11.1,45.4,44.9,0,187,0.3,0.9
9.6,46.0,44.9,0,188,0.26,1.6
6.0,44.5,45.0,1,192,0.05,1.5
8.6,45.8,45.0,0,190,0.17,1.7
10.1,45.8,45.0,0,191,0.4,1.5
11.0,46.4,45.1,0,189,0.37,1.2
8.8,45.6,45.0,0,190,0.05,1.1
13.2,47.5,44.9,1,194,0.15,1.0
14.7,48.0,45.0,0,196,0.49,1.2
12.6,48.0,45.1,1,190,0.7,1.6
16.3,48.1,44.9,0,192,0.97,1.0
16.0,47.1,45.0,1,192,0.68,1.7
9.2,45.8,45.0,0,192,0.31,0.8
13.2,47.5,45.0,0,198,0.24,0.7
4.3,45.8,45.0,1,198,0.05,1.3
8.2,45.7,45.0,0,193,0.12,1.3
11.0,47.3,45.1,0,200,0.5,1.1
5.4,45.8,45.0,1,201,0.12,1.2
9.5,47.1,45.0,1,193,0.07,1.8
6.5,45.9,45.0,0,196,0.05,1.0
7.9,45.7,45.0,0,194,0.05,1.3
4.2,45.2,45.0,0,195,0.05,0.9
4.0,43.5,44.9,0,196,0.05,1.1
2.9,42.7,44.9,0,200,0.05,0.5
6.9,43.3,44.9,0,205,0.14,1.5
13.3,44.3,45.1,1,203,0.55,1.4
10.9,42.9,45.1,0,204,0.24,0.9
14.6,44.3,45.1,0,201,0.28,1.4
14.7,44.3,44.9,1,194,0.24,1.4
11.7,43.6,45.0,0,192,0.41,0.7
11.8,42.5,45.1,1,190,0.83,0.9
8.1,41.7,45.1,0,193,0.29,1.2
2.0,40.9,45.0,1,200,0.05,0.5
2.0,41.5,45.0,0,200,0.05,1.5
13.2,44.1,45.0,0,198,0.19,1.0
12.4,43.9,45.0,1,202,0.13,1.3
13.0,43.9,45.1,0,192,0.4,0.4
16.7,44.7,45.1,0,193,0.54,0.9
16.6,45.1,45.0,1,195,0.53,1.2
15.7,44.8,45.1,0,198,0.05,1.5
16.4,44.8,45.0,0,196,0.44,1.6
14.0,44.6,45.0,0,199,0.49,1.0
13.4,44.3,45.1,0,196,0.44,1.4
11.4,44.0,45.1,0,197,0.68,1.2
11.5,44.1,45.0,0,197,0.45,0.8
12.4,43.8,45.0,1,203,0.67,0.9
14.8,45.1,45.0,0,200,0.18,1.7
13.0,45.2,45.0,0,205,0.44,1.0
7.1,43.4,45.0,0,204,0.38,0.6
10.1,43.4,45.0,1,213,0.52,1.2
12.4,43.6,45.1,0,214,0.5,1.3
13.1,43.4,45.0,0,210,0.57,1.3
8.0,41.8,45.0,0,212,0.05,1.0
8.0,41.9,45.1,0,203,0.29,1.5
6.3,41.4,45.0,0,206,0.31,1.0
5.0,40.6,45.1,0,201,0.28,1.0
2.0,40.9,45.1,0,207,0.05,1.6
8.8,42.1,45.0,0,202,0.23,1.4
9.0,42.4,45.1,0,198,0.62,0.6
8.9,41.5,45.0,0,203,0.3,0.9
12.7,41.7,45.0,2,203,0.05,0.9
18.7,42.3,45.1,1,204,0.54,0.9
15.9,42.3,45.0,0,200,0.78,1.3
15.8,42.8,45.0,1,188,0.6,0.8
18.9,43.3,45.2,0,198,0.84,1.2
16.4,42.6,45.1,0,190,0.68,1.4
10.4,41.6,45.0,0,197,0.33,1.2
14.5,42.0,45.1,1,195,0.64,1.1
14.8,41.9,44.9,0,194,0.72,1.1
17.4,43.0,45.1,0,188,0.91,1.3
12.2,41.5,45.0,0,196,0.79,1.0
13.1,42.1,45.0,0,195,0.69,0.7
13.0,42.0,45.0,0,209,0.65,1.2
11.4,41.8,45.0,0,197,0.63,1.0
15.0,42.5,45.2,0,201,0.95,0.6
18.5,43.7,45.0,1,201,1.14,0.8
20.0,44.6,45.0,0,201,0.87,1.1
19.4,44.7,45.0,0,205,0.82,0.7
20.7,44.0,45.0,0,208,0.82,1.0
18.5,43.7,45.1,0,201,0.52,1.1
20.7,44.8,45.0,1,199,0.92,1.3
14.1,42.9,45.0,0,197,0.69,1.3
16.1,42.4,45.1,0,199,0.81,1.1
18.8,42.9,45.0,0,196,0.96,0.6
22.1,44.0,45.0,1,198,1.15,1.1
21.2,43.1,45.0,1,202,1.25,1.1
15.5,42.2,45.0,0,205,1.1,0.7
16.9,42.4,45.0,0,212,1.01,1.1
13.6,41.7,45.0,0,212,0.86,1.2
14.5,42.2,45.0,0,212,0.77,0.6
12.2,41.6,45.1,0,210,0.61,1.4
11.5,41.2,45.0,1,208,0.57,1.3
13.2,41.6,45.1,0,211,0.48,1.3
16.2,43.2,45.1,1,211,0.64,1.2
11.5,42.6,45.0,0,206,0.4,1.3
17.4,44.2,45.0,1,204,0.8,1.1
16.3,43.5,45.1,0,203,0.55,1.3
16.7,43.2,45.0,0,209,0.66,1.2
14.8,42.1,45.1,0,215,0.39,0.9
17.5,43.2,45.1,0,206,0.59,0.8
20.1,44.4,45.0,0,204,0.37,1.5
13.7,43.4,45.0,0,207,0.05,0.8
15.8,44.3,45.1,1,207,0.06,1.3
13.1,43.5,45.1,0,207,0.34,1.1
15.3,43.7,45.0,0,196,0.25,0.9
14.2,44.2,45.1,0,200,0.38,1.1
15.0,44.1,45.0,0,194,0.19,1.1
11.7,44.1,45.0,0,204,0.11,0.6
10.3,44.8,45.1,0,202,0.4,1.6
15.9,45.2,45.1,1,206,0.39,1.0
13.9,44.3,45.0,0,201,0.77,1.2
15.9,45.7,45.1,1,200,0.52,1.0
14.2,45.9,45.0,1,199,0.31,1.3
15.6,47.1,45.1,0,200,0.29,1.4
17.2,48.4,45.1,0,201,0.5,1.0
20.8,48.9,45.1,0,206,0.53,1.4
18.8,49.6,45.0,0,207,0.59,1.3
15.2,49.6,45.1,0,208,0.56,1.0
15.8,50.3,45.0,0,196,0.8,1.6
13.9,50.0,45.0,0,201,0.55,1.6
15.1,49.9,45.1,0,204,0.82,1.0
11.3,48.6,45.1,2,204,1.04,1.6
6.4,46.7,45.1,0,199,0.91,0.9
8.5,46.6,45.0,1,201,0.81,1.3
2.3,44.8,45.0,0,193,0.42,1.7
2.7,45.0,45.1,0,200,0.58,0.9
6.8,45.4,45.0,0,194,0.34,1.1
5.3,44.0,45.1,0,192,0.26,1.4
5.8,44.2,45.0,0,192,0.33,1.5
4.6,42.7,45.0,0,187,0.32,0.7
7.1,43.0,45.0,0,192,0.4,0.7
2.6,42.6,45.1,1,200,0.3,0.7
3.3,41.8,45.1,0,197,0.06,1.1
4.9,41.4,45.1,0,202,0.35,0.9
3.0,41.1,45.0,0,200,0.2,0.9
4.8,42.3,45.0,0,203,0.05,1.1
4.5,42.2,45.0,0,199,0.05,1.3
3.4,41.7,45.0,0,207,0.05,0.0
4.0,42.0,45.0,0,206,0.05,1.4
3.2,40.8,45.1,1,203,0.05,0.8
6.6,40.7,45.0,1,194,0.33,0.9
11.5,42.1,45.0,0,192,0.49,1.1
16.4,43.6,45.1,0,194,0.6,1.3
12.6,43.3,45.0,0,191,0.76,1.0
14.2,43.7,45.0,0,194,0.7,1.7
15.7,44.3,45.0,0,192,0.63,1.0
21.1,44.4,45.0,0,191,0.74,0.9
15.5,42.6,45.0,0,189,0.99,1.3
15.4,42.4,45.0,0,196,0.76,1.5
22.3,44.5,45.1,0,194,1.1,0.6
17.2,43.6,45.1,0,194,0.62,1.5
17.1,43.7,45.1,0,195,0.68,0.8
19.7,43.6,45.0,0,188,0.7,1.3
18.0,43.4,45.0,0,190,0.45,1.0
21.0,44.3,45.1,1,185,0.72,0.9
14.9,43.4,45.0,1,190,0.92,1.1
11.0,42.7,45.1,0,194,0.73,0.8
10.3,43.8,45.0,0,190,0.7,1.4
12.9,43.6,45.0,0,196,0.53,0.6
12.0,44.1,45.0,0,192,0.5,1.0
14.1,43.7,45.0,0,199,0.34,1.0
13.8,43.0,45.1,0,198,0.54,1.0
13.8,43.5,45.0,1,205,0.24,0.8
15.2,43.6,45.1,0,203,0.47,1.0
17.2,43.6,45.1,0,201,0.37,1.3
12.3,42.7,45.0,0,198,0.23,0.9
14.2,44.7,45.0,0,200,0.42,0.8
13.4,44.2,45.0,0,195,0.31,1.5
13.1,44.0,45.0,2,188,0.17,0.7
16.3,45.4,45.1,0,192,0.49,0.9
18.7,45.6,45.1,2,194,0.63,1.2
17.8,46.9,45.0,1,197,0.37,1.0
13.5,45.3,45.0,1,196,0.05,0.9
10.4,44.6,45.0,0,194,0.05,0.9
11.7,45.5,45.1,1,194,0.64,1.5
11.7,45.4,45.1,1,188,0.54,1.6
14.6,45.7,45.0,0,199,0.89,1.1
18.4,45.7,45.2,1,195,1.0,1.2
11.9,44.3,45.1,0,192,0.66,1.5
17.1,46.0,45.0,0,196,0.8,1.0
16.2,45.7,45.1,0,193,0.96,0.9
8.3,43.5,45.1,0,191,0.29,0.6
14.5,45.6,45.1,1,191,0.61,1.4
9.6,45.2,45.0,1,190,0.05,0.9
10.6,45.8,45.1,0,191,0.42,0.8
17.7,47.1,45.1,0,192,0.48,1.4
15.9,46.2,45.2,0,194,0.68,1.5
10.3,45.8,45.1,0,199,0.22,1.3
14.1,46.6,45.0,0,200,0.34,0.7
11.8,46.0,45.1,0,201,0.61,0.7
8.3,45.2,45.1,0,202,0.47,0.8
7.6,45.3,45.1,0,207,0.32,1.1
12.6,46.8,45.1,0,207,0.28,1.3
11.9,46.7,45.0,0,211,0.15,0.8
15.0,47.1,45.0,0,199,0.24,1.8
14.8,46.4,45.0,0,202,0.25,1.3
13.2,45.9,45.0,1,202,0.51,1.7
11.8,45.5,45.0,1,197,0.35,1.5
10.6,45.5,45.2,0,199,0.23,1.2
17.6,46.9,45.1,0,203,0.75,1.5
12.7,45.6,45.0,0,193,0.38,1.4
15.9,46.2,45.0,0,198,0.95,1.1
12.3,45.9,45.1,0,196,0.7,0.8
10.8,45.6,45.0,0,197,0.88,1.1
13.0,45.9,45.1,0,199,0.99,1.4
12.6,45.7,45.0,0,197,0.98,1.5
14.5,45.9,45.0,0,193,0.71,0.9
15.6,46.4,45.1,0,196,0.7,1.1
21.4,48.0,45.0,0,192,1.15,1.1
21.8,47.9,45.1,1,200,1.14,1.2
21.0,47.6,45.1,0,194,0.91,1.1
15.2,46.7,45.0,0,189,0.6,1.6
18.1,47.8,45.0,0,192,0.59,1.3
19.8,48.9,45.0,0,194,0.56,1.7
14.3,47.1,45.0,0,195,0.54,1.2
14.6,47.6,45.0,1,207,0.4,1.2
17.1,47.9,45.0,0,196,0.64,1.2
19.8,48.8,45.1,0,194,0.55,1.7
15.3,48.4,45.1,0,188,0.41,1.2
17.8,50.0,45.1,0,195,0.4,1.2
20.2,50.2,45.1,2,195,0.8,1.5
18.6,50.4,45.1,1,193,0.88,1.0
21.3,49.5,45.0,0,198,1.09,1.3
24.5,50.2,45.1,0,199,1.1,1.8
22.0,48.3,45.1,1,201,0.55,1.4
16.1,46.8,45.1,1,201,0.52,1.2
18.1,46.5,45.1,0,200,0.87,1.6
20.2,46.1,45.2,0,199,0.83,0.7
12.0,44.5,45.0,0,206,0.54,1.5
19.5,45.5,45.1,0,210,0.94,0.8
17.5,44.4,45.1,0,205,0.84,0.9
19.8,44.5,45.1,0,208,1.25,1.5
16.5,43.6,45.2,0,203,0.81,0.8
16.8,44.1,45.1,1,201,1.0,1.1
16.6,43.9,45.1,0,203,1.27,0.7
15.8,43.2,45.1,0,203,1.15,1.1
14.2,42.0,45.0,0,206,1.07,1.0
16.2,42.9,45.1,0,213,1.19,1.0
13.5,42.6,45.0,0,218,1.02,1.3
14.0,43.2,45.1,0,219,1.2,1.0
12.6,42.6,45.0,0,216,1.26,1.2
15.4,43.9,45.1,1,211,1.0,1.0
18.3,44.9,45.1,0,212,1.24,1.5
17.0,46.1,45.1,0,214,0.98,0.6
15.7,45.7,45.1,1,209,0.8,1.1
17.3,46.5,45.0,0,211,0.59,1.2
17.1,47.5,45.1,0,210,1.21,1.2
20.9,48.1,45.1,1,210,1.37,1.3
19.7,47.9,45.1,0,216,1.07,1.5
17.8,47.3,45.0,0,210,1.14,2.0
18.0,47.2,45.0,0,222,1.06,1.5
19.0,47.9,45.1,1,215,1.25,0.9
21.7,48.6,45.1,0,218,1.13,1.1
18.5,47.3,45.1,0,212,0.8,1.2
21.5,49.4,45.1,0,209,1.08,1.5
19.1,48.5,45.1,0,210,0.92,1.2
20.1,49.4,45.0,0,207,0.66,1.4
22.2,49.9,45.1,0,213,0.97,1.1
22.7,50.4,45.1,0,206,0.94,1.1
23.0,50.8,45.1,0,205,1.06,1.4
20.9,50.9,45.1,0,209,0.98,1.8
22.1,51.6,45.1,1,206,1.31,1.2
22.5,52.6,45.0,2,206,1.25,1.3
22.4,52.2,45.1,1,212,0.99,1.8
20.6,51.0,45.1,0,206,0.74,1.6
13.2,48.5,45.1,1,204,0.62,1.3
14.6,47.6,45.1,1,209,0.55,1.8
17.5,48.5,45.1,1,204,0.89,1.3
12.8,46.6,45.1,1,209,0.69,1.3
8.9,44.9,45.1,0,206,0.66,1.3
10.2,45.3,45.0,1,206,0.44,1.5
14.8,46.1,45.1,0,207,0.51,2.2
13.4,46.0,45.0,0,209,0.71,1.0
17.4,45.2,45.1,0,206,0.85,1.6
12.6,43.6,45.1,0,208,0.5,1.2
9.1,42.1,45.1,0,208,0.15,0.6
14.0,43.1,45.1,0,199,0.53,1.0
15.5,43.5,45.1,0,198,0.24,1.0
17.1,44.2,45.1,0,211,0.56,1.1
22.7,46.1,45.1,0,206,0.38,0.9
18.1,47.4,45.0,1,208,0.17,1.4
18.3,47.1,45.1,0,209,0.54,1.2
22.8,48.5,45.1,0,205,0.75,1.2
26.9,49.9,45.1,0,207,0.97,1.4
23.7,49.2,45.1,0,213,1.07,1.6
26.1,49.1,45.1,0,213,1.15,1.3
27.6,50.0,45.1,0,207,0.87,1.7
23.0,49.6,45.0,0,210,0.65,1.7
20.7,49.5,45.1,0,212,0.71,1.5
15.9,48.1,45.0,1,208,0.84,1.6
21.4,47.9,45.1,0,209,1.0,2.0
19.8,47.0,45.1,0,213,0.64,0.8
20.9,48.0,45.2,0,203,0.99,1.6
20.7,48.7,45.2,1,207,0.82,1.2
26.1,49.2,45.2,1,204,0.71,1.4
18.4,47.9,45.1,0,201,0.68,1.3
16.7,48.4,45.0,0,206,0.87,0.9
15.9,49.0,45.1,0,205,0.72,1.6
15.3,48.4,45.2,0,206,1.09,1.0
17.2,48.7,45.1,0,203,1.24,1.1
19.1,49.0,45.2,0,204,0.97,1.6
16.4,47.8,45.1,1,202,0.68,1.5
17.4,49.1,45.1,0,203,1.05,1.7
25.0,49.6,45.1,0,206,1.55,1.5
21.0,49.1,45.0,0,212,0.88,1.3
20.3,49.6,45.1,1,206,0.92,1.5
18.2,49.5,45.1,0,206,0.89,1.4
22.1,50.7,45.2,0,208,0.93,1.6
21.0,49.2,45.1,0,208,0.73,1.6
19.1,48.9,45.1,0,207,0.65,1.4
18.5,48.9,45.1,0,211,0.64,1.2
22.2,49.9,45.0,0,211,1.07,1.0
19.4,48.6,45.1,0,212,0.9,1.4
15.1,47.6,45.1,0,215,0.81,1.0
18.5,47.9,45.0,0,211,0.7,1.1
22.3,49.5,45.0,1,204,0.93,1.5
20.3,48.8,45.2,1,207,0.8,1.4
21.4,49.0,45.0,0,205,1.28,1.2
23.0,49.2,45.1,1,209,1.07,1.8
19.9,48.5,45.1,0,205,0.98,0.8
15.4,48.7,45.2,1,203,0.71,1.0
18.7,50.3,45.2,0,204,0.62,1.5
13.4,49.5,45.1,1,202,0.49,1.6
13.8,49.3,45.0,0,205,0.55,1.7
15.3,49.4,45.1,1,207,1.09,1.7
17.3,48.7,45.0,0,213,0.81,1.3
17.1,48.8,45.1,0,220,1.05,1.9
20.0,49.6,45.0,0,217,1.15,1.2
12.9,48.1,45.2,0,219,0.15,1.5
13.9,47.8,45.1,0,214,0.52,1.1
15.2,48.8,45.1,0,216,0.4,1.5
12.0,48.7,45.1,0,215,0.05,1.3
14.5,49.3,45.1,0,214,0.43,1.2
13.6,50.1,45.1,0,207,0.05,2.0
18.5,51.3,45.1,0,203,0.25,0.9
22.9,53.2,45.1,0,202,0.55,1.9
20.9,52.7,45.1,0,199,0.56,1.3
25.2,53.7,45.1,0,201,1.02,1.5
31.3,54.5,45.1,0,204,1.29,1.8
29.9,54.8,45.1,2,207,1.19,1.9
22.0,52.9,45.2,0,208,0.99,2.2
20.3,52.8,45.1,0,205,0.82,1.6
21.7,53.2,45.0,1,203,0.87,1.4
15.2,51.4,45.1,1,206,0.44,1.2
18.1,53.3,45.1,0,213,0.1,1.5
19.2,54.2,45.1,0,210,0.07,1.3
17.0,53.5,45.1,1,205,0.4,1.6
19.4,54.5,45.2,0,211,0.4,2.0
21.6,55.1,45.2,1,210,0.49,1.5
21.0,54.7,45.0,0,209,0.96,1.7
18.6,55.3,45.2,0,210,1.0,1.9
20.1,56.0,45.0,0,216,0.88,1.8
19.7,56.2,45.2,0,209,1.03,1.4
18.4,56.2,45.1,0,212,0.61,1.8
22.0,57.3,45.1,0,208,0.96,2.1
17.5,56.8,45.1,0,208,0.86,1.9
14.8,56.3,45.1,1,204,0.74,1.8
17.0,56.8,45.2,0,204,0.48,1.7
14.8,56.3,45.1,0,207,0.22,1.9
15.9,55.6,45.1,0,202,0.31,1.6
24.6,57.1,45.1,0,197,0.6,1.6
16.6,56.2,45.2,0,197,0.08,2.2
16.5,57.0,45.1,1,194,0.38,1.5
14.6,56.7,45.1,1,194,0.56,1.8
19.8,57.2,45.1,0,190,0.83,1.6
19.1,57.6,45.2,0,189,1.03,1.5
20.8,57.4,45.1,0,191,0.98,2.2
22.0,56.9,45.1,0,197,0.94,1.6
22.0,56.0,45.1,2,199,0.61,2.3
21.8,54.7,45.1,0,203,0.82,1.7
23.0,56.1,45.2,0,202,0.88,1.5
12.2,53.9,45.2,0,201,0.6,1.5
15.2,52.8,45.1,0,206,0.57,1.5
14.3,52.1,45.1,0,208,0.35,1.4
13.5,50.9,45.1,0,205,0.26,1.6
17.5,52.3,45.2,0,213,0.49,1.4
18.6,52.1,45.2,0,220,0.6,1.8
16.6,51.3,45.1,0,218,0.59,1.4
18.7,52.1,45.1,0,216,0.75,1.5
21.5,53.6,45.1,0,221,0.89,1.7
17.8,52.4,45.1,1,222,0.85,1.3
17.2,52.2,45.1,0,217,0.53,1.2
20.5,52.3,45.2,0,222,0.76,1.6
17.7,52.3,45.2,1,219,0.53,1.9
22.9,53.5,45.0,0,220,0.79,1.4
26.9,54.4,45.1,1,217,0.92,1.6
30.4,54.6,45.2,0,219,1.18,2.1
27.6,54.9,45.2,0,226,0.91,1.7
29.7,55.1,45.0,0,222,1.16,1.7
25.3,54.9,45.1,0,222,0.99,1.5
25.3,55.7,45.2,1,221,1.22,1.9
28.2,55.5,45.1,3,222,1.38,1.8
22.9,54.3,45.1,0,216,1.09,1.3
27.5,55.4,45.1,0,220,1.17,1.9
23.8,54.0,45.1,0,219,0.79,1.7
26.9,54.5,45.2,1,223,1.16,1.8
22.5,53.8,45.1,0,217,1.04,1.6
25.6,53.4,45.1,1,218,0.99,1.8
31.0,54.3,45.1,0,217,1.26,1.9
26.3,53.6,45.2,0,214,0.75,1.5
21.9,52.4,45.1,0,212,0.52,1.5
22.7,52.3,45.1,1,215,1.25,1.6
22.5,51.4,45.1,2,216,1.35,1.3
24.1,51.8,45.1,1,217,1.06,1.2
23.2,51.8,45.1,0,217,1.11,1.0
23.5,51.8,45.2,0,219,0.82,1.6
15.5,51.0,45.1,1,220,0.73,1.2
19.3,51.8,45.1,0,223,0.8,1.5
15.1,50.7,45.1,0,219,0.75,1.1
15.2,51.8,45.1,0,228,0.62,1.9
15.2,52.2,45.1,0,217,0.53,2.3
12.2,52.3,45.1,0,220,0.16,2.1
12.7,53.1,45.0,0,214,0.54,1.6
10.2,52.3,45.1,0,217,0.52,1.8
13.6,52.4,45.0,0,217,0.69,1.8
15.3,53.7,45.2,0,219,1.02,1.9
16.4,52.8,45.1,0,213,1.22,1.1
14.8,52.1,45.2,0,215,0.73,2.1
20.3,54.2,45.1,1,208,0.72,1.4
20.3,53.8,45.0,0,205,0.84,1.1
19.9,54.1,45.1,0,204,0.25,1.1
22.1,54.1,45.1,1,207,0.66,1.9
22.1,55.5,45.1,0,208,0.66,1.6
24.7,56.0,45.1,1,211,0.76,1.6
26.4,56.8,45.1,0,214,0.87,1.7
23.6,55.4,45.0,0,212,0.71,2.1
21.7,55.4,45.1,0,208,1.16,1.9
26.8,56.8,45.1,0,207,0.88,2.3
25.5,56.3,45.2,1,203,1.28,1.7
32.9,58.1,45.1,0,213,1.47,2.1
28.5,57.1,45.1,0,211,1.18,1.9
27.3,57.0,45.2,0,212,1.2,2.2
30.0,57.3,45.1,1,206,1.16,1.5
30.3,57.0,45.1,0,207,0.98,2.1
32.3,56.7,45.1,0,202,1.17,2.6
33.0,57.1,45.0,0,214,1.15,1.7
22.7,54.9,45.2,0,214,0.73,1.7
22.9,54.5,45.2,0,213,1.15,1.3
22.5,55.4,45.2,0,211,0.92,1.7
20.4,55.0,45.1,0,210,0.95,1.6
20.6,54.9,45.2,0,206,0.87,1.6
21.4,54.6,45.1,0,207,0.76,1.9
20.4,55.0,45.2,0,206,1.14,1.6
27.1,56.4,45.2,0,205,1.15,1.8
20.6,54.6,45.1,0,205,0.96,2.0
21.9,54.7,45.1,1,209,1.16,1.5
22.0,55.1,45.1,0,212,1.09,2.1
21.7,55.1,45.1,2,204,1.2,1.4
23.3,56.1,45.2,0,208,1.04,1.2
18.8,55.8,45.0,0,207,1.02,1.6
19.0,57.1,45.1,0,209,1.13,1.5
21.9,57.2,45.1,0,213,1.35,1.7
24.6,57.7,45.1,0,208,1.39,2.3
26.7,57.9,45.2,0,203,1.38,1.5
25.3,57.4,45.1,0,200,1.07,1.3
22.2,56.8,45.2,0,204,1.0,1.9
24.8,57.1,45.2,1,203,1.47,2.3
25.5,57.7,45.1,0,203,1.4,1.4
25.8,57.0,45.2,1,206,1.44,1.7
24.9,56.9,45.1,0,206,1.29,1.8
27.3,57.7,45.2,1,208,1.59,1.1
22.6,57.3,45.1,1,212,0.95,2.0
25.0,57.8,45.2,1,215,1.47,1.9
26.8,58.3,45.2,0,215,1.61,1.7
25.2,57.9,45.2,0,220,1.33,1.9
26.8,58.5,45.2,1,220,1.11,1.2
22.9,57.6,45.2,0,215,1.05,1.7
27.0,58.8,45.1,2,213,1.34,1.9
30.4,60.2,45.2,1,218,1.1,1.6
30.8,61.5,45.1,1,218,1.23,1.8
30.6,61.2,45.1,0,218,1.21,2.1
32.4,61.9,45.1,1,223,1.37,2.6
29.0,61.3,45.2,2,221,1.09,2.4
27.4,61.2,45.1,0,216,1.01,2.3
26.8,60.7,45.1,1,213,1.06,2.1
25.5,60.4,45.2,1,210,1.07,1.8
25.1,60.6,45.2,1,213,1.13,1.6
24.7,60.5,45.0,0,219,0.8,1.9
27.2,60.6,45.2,0,221,1.16,1.5
30.0,61.9,45.1,0,217,1.07,1.8
30.5,61.9,45.2,0,221,0.78,1.9
27.6,61.1,45.2,0,218,0.71,2.0
27.7,61.1,45.2,0,219,0.97,1.9
31.4,61.6,45.1,0,222,1.11,2.1
28.1,60.4,45.2,0,221,1.03,2.1
22.8,59.6,45.1,0,214,0.86,1.6
26.6,60.2,45.1,0,220,1.08,1.4
31.1,60.3,45.1,0,216,1.23,2.0
27.8,60.1,45.2,0,213,1.4,1.4
30.8,60.5,45.2,0,217,1.56,1.7
27.0,58.8,45.1,4,218,1.5,1.4
26.6,58.6,45.2,0,217,1.24,1.9
28.1,58.5,45.2,0,219,1.26,1.8
23.8,57.7,45.2,0,220,1.01,1.8
26.2,57.4,45.1,0,221,0.99,2.0
29.3,57.8,45.2,0,227,1.02,1.7
31.4,57.2,45.1,1,223,1.21,1.9
25.2,55.1,45.2,0,226,0.76,1.9
19.1,54.0,45.2,0,225,0.76,1.9
20.5,53.9,45.2,1,218,0.72,0.8
18.3,54.4,45.1,0,221,0.43,1.3
24.2,55.2,45.1,0,218,0.83,2.0
22.0,54.8,45.2,2,219,0.92,2.0
22.0,54.1,45.1,0,225,1.24,1.1
18.0,54.2,45.1,0,226,0.87,1.5
18.8,54.3,45.2,0,220,0.47,1.5
17.5,53.2,45.0,0,216,0.43,1.4
15.3,52.9,45.1,0,221,0.07,1.7
24.3,54.4,45.1,0,222,0.29,1.8
20.0,54.8,45.2,0,219,0.28,1.9
18.8,55.2,45.2,0,221,0.49,2.2
24.1,55.8,45.2,0,214,0.82,2.1
27.6,56.9,45.2,0,215,1.01,2.0
27.5,57.2,45.2,0,212,0.73,2.0
31.2,57.7,45.1,0,216,1.13,2.1
28.2,56.9,45.2,3,212,0.73,1.7
29.6,57.0,45.1,0,208,0.29,1.5
31.2,56.8,45.2,1,214,0.71,1.6
34.7,57.6,45.2,0,217,0.93,2.0
28.9,56.2,45.1,0,216,0.66,1.7
27.2,55.8,45.0,1,220,0.38,1.6
26.5,55.5,45.3,0,218,0.76,1.5
24.9,54.7,45.2,0,220,0.86,1.5
26.2,56.2,45.1,0,221,0.85,1.5
28.6,56.8,45.2,0,220,0.92,1.5
25.2,56.5,45.2,1,220,0.77,1.4
24.3,57.9,45.2,0,218,1.09,1.7
25.5,58.1,45.2,0,224,1.25,2.3
26.9,57.9,45.2,2,218,1.3,1.8
29.1,57.3,45.1,0,226,1.29,2.2
24.4,55.5,45.2,0,226,0.96,1.7
22.0,55.4,45.3,0,229,0.74,1.5
21.4,54.5,45.2,0,227,0.6,1.7
24.0,53.8,45.2,0,225,0.62,2.1
25.7,54.2,45.3,1,226,0.81,2.0
26.6,54.4,45.2,0,229,0.96,1.5
26.3,55.4,45.2,1,233,0.92,1.8
29.3,55.2,45.2,0,227,0.94,2.1
26.1,55.2,45.2,1,229,0.87,1.8
27.2,54.0,45.2,1,219,0.5,1.5
26.9,54.8,45.2,0,223,0.54,1.3
20.7,53.7,45.1,0,214,0.38,1.3
27.9,54.6,45.3,0,211,0.7,1.1
28.7,55.6,45.2,0,207,0.75,1.2
23.8,54.7,45.3,0,216,0.58,1.6
20.1,54.4,45.1,0,217,0.7,1.5
22.9,55.0,45.2,0,216,1.12,2.1
26.3,56.3,45.1,0,217,1.31,1.8
27.0,56.9,45.2,0,222,1.41,2.2
27.0,56.3,45.2,0,222,1.22,1.9
24.9,55.4,45.3,1,224,1.37,2.0
30.5,56.0,45.2,1,221,1.33,2.2
28.5,56.1,45.2,0,218,1.08,1.7
32.1,57.2,45.2,0,219,1.13,1.6
34.1,57.8,45.2,0,217,1.13,1.6
36.8,58.2,45.1,1,219,1.27,1.9
34.7,57.5,45.2,0,215,1.12,2.7
34.8,57.7,45.1,0,220,1.2,1.8
36.3,58.5,45.2,0,221,1.18,1.5
34.6,58.6,45.1,0,221,1.51,2.0
37.7,60.2,45.2,1,227,1.29,2.2
38.3,61.4,45.2,2,224,1.35,1.9
32.9,60.0,45.1,0,223,1.17,2.1
37.1,62.3,45.2,0,221,1.51,1.6
37.1,63.2,45.1,0,227,1.36,2.0
35.1,62.9,45.1,1,224,1.24,2.5
34.3,62.8,45.2,1,221,1.34,1.9
32.1,62.6,45.2,3,221,1.24,1.7
31.0,62.0,45.1,0,223,0.91,1.5
32.4,61.8,45.1,1,224,1.33,1.6
37.7,62.8,45.1,0,225,1.13,2.4
38.5,62.7,45.2,0,228,1.31,2.0
40.5,61.4,45.2,0,227,1.42,2.7
36.3,60.9,45.2,0,225,1.04,2.3
37.7,60.0,45.2,0,224,1.86,2.5
39.7,60.6,45.3,0,222,1.78,1.0
41.1,60.6,45.2,1,219,2.03,2.1
38.9,59.8,45.1,0,222,1.67,2.3
39.7,60.4,45.2,2,221,1.82,2.0
41.1,60.2,45.1,1,228,1.53,1.9
38.9,59.2,45.2,1,224,1.7,1.6
37.4,59.1,45.2,0,226,1.45,1.5
35.0,58.7,45.2,0,226,1.71,1.9
34.5,58.2,45.2,1,226,1.38,1.8
35.2,57.9,45.1,0,227,1.77,1.8
39.3,58.3,45.2,0,228,1.79,1.9
38.1,58.3,45.1,1,228,2.12,1.8
36.7,58.3,45.1,0,225,2.06,1.7
33.0,58.0,45.1,1,227,1.72,1.3
27.6,56.9,45.2,0,226,1.58,2.2
22.7,55.4,45.1,0,220,1.01,2.1
25.1,56.3,45.2,1,212,1.35,1.8
22.6,57.4,45.2,1,214,1.08,2.3
27.7,59.4,45.3,1,217,1.23,1.9
33.5,59.9,45.2,0,207,1.57,1.8
29.3,59.5,45.2,0,211,1.05,1.8
34.0,60.3,45.2,0,216,1.4,1.9
33.4,60.1,45.2,0,211,0.86,2.0
37.0,60.6,45.2,0,215,1.39,2.2
37.2,60.1,45.2,1,208,1.54,2.0
36.9,59.1,45.2,0,212,1.3,1.8
34.5,58.9,45.0,1,218,1.26,1.9
31.7,57.8,45.2,0,213,1.2,1.7
33.2,57.7,45.2,0,212,1.36,1.3
33.5,57.6,45.2,0,217,1.31,1.7
33.2,57.6,45.2,1,216,1.44,1.9
31.6,57.1,45.2,0,214,1.1,1.8
34.1,57.5,45.2,0,215,0.81,2.1
34.8,57.4,45.2,0,211,1.25,1.6
39.1,58.4,45.1,0,211,1.42,2.1
31.3,57.1,45.1,0,213,0.88,1.8
33.2,58.4,45.2,0,214,0.69,1.9
34.2,58.9,45.2,0,209,1.23,2.2
32.5,58.3,45.1,0,208,1.39,1.5
30.5,58.2,45.3,1,210,1.01,1.6
31.6,59.0,45.1,0,214,0.93,2.2
34.4,59.2,45.2,0,213,0.85,2.2
32.2,58.4,45.1,0,213,1.19,2.0
31.6,57.0,45.2,0,214,1.08,1.6
35.8,58.7,45.2,0,218,1.11,1.1
34.7,58.6,45.2,0,214,1.33,1.5
34.6,59.4,45.2,0,216,1.08,1.4
31.8,57.9,45.2,0,212,1.2,2.0
31.0,56.4,45.2,0,222,1.11,1.5
26.5,55.7,45.3,1,211,0.72,1.1
26.8,55.3,45.2,1,218,0.78,1.9
29.9,56.1,45.1,0,213,0.59,1.5
30.7,55.8,45.1,0,216,0.69,1.8
31.5,56.5,45.1,0,215,0.58,1.9
29.2,55.9,45.2,0,215,0.48,1.9
29.1,55.8,45.1,0,218,0.7,2.2
29.0,56.2,45.3,1,216,0.62,1.5
29.7,56.1,45.1,0,217,0.7,1.3
25.7,55.1,45.2,0,222,0.71,1.7
28.8,56.5,45.2,0,221,1.06,1.4
33.3,57.4,45.1,1,212,1.15,1.5
34.6,57.8,45.3,0,214,1.36,1.6
33.8,58.0,45.2,0,226,1.03,2.2
34.9,58.3,45.1,1,223,1.11,2.1
32.7,58.2,45.3,0,223,1.17,1.6
32.8,59.4,45.2,0,222,0.84,2.2
39.8,61.4,45.1,0,217,1.21,2.5
37.0,60.0,45.2,1,216,1.29,2.1
36.3,58.6,45.3,0,217,1.17,1.9
36.6,58.1,45.3,0,214,1.23,2.0
40.8,57.6,45.2,0,213,1.81,1.7
29.8,53.9,45.1,0,213,1.07,1.4
28.9,53.2,45.2,0,216,1.16,1.5
28.9,52.7,45.2,0,216,1.35,1.4
33.5,53.8,45.2,1,223,1.4,1.6
31.1,53.7,45.2,0,219,1.32,1.8
32.1,55.3,45.3,1,215,1.41,1.9
30.2,54.6,45.1,0,216,1.47,1.4
30.7,54.4,45.3,0,222,1.36,2.0
29.2,54.3,45.1,2,210,1.19,1.3
28.9,55.0,45.2,0,214,1.29,1.5
26.8,54.5,45.2,0,213,1.19,1.7
24.7,53.6,45.2,0,220,0.95,1.4
24.3,52.0,45.3,0,215,0.84,1.8
30.9,53.9,45.1,0,215,1.38,1.0
28.6,53.4,45.2,0,218,1.05,2.2
26.2,54.0,45.2,2,217,0.75,1.3
24.0,54.7,45.2,0,213,0.72,1.8
21.7,55.4,45.2,0,222,0.74,2.0
23.1,56.0,45.1,0,218,1.1,1.3
25.3,57.0,45.3,2,220,1.16,1.8
31.1,57.3,45.2,0,229,1.45,2.0
26.8,56.7,45.2,0,226,1.12,1.3
25.3,56.3,45.3,0,219,1.11,1.4
29.4,57.7,45.2,1,218,1.3,1.9
30.1,57.5,45.1,1,227,1.46,1.4
27.6,56.9,45.1,0,229,1.05,1.7
23.5,55.6,45.2,1,228,1.18,1.5
23.7,56.8,45.2,0,228,0.85,1.8
28.2,57.7,45.2,0,225,1.19,1.5
31.1,57.7,45.2,1,228,1.25,1.1
26.9,56.7,45.2,0,220,0.92,1.5
26.5,55.9,45.2,1,223,1.06,1.7
26.2,56.5,45.3,0,226,0.99,1.7
29.1,57.9,45.3,0,228,1.28,1.9
27.8,57.7,45.2,2,229,1.44,1.5
27.3,57.8,45.3,1,234,1.58,1.2
24.8,56.4,45.3,0,232,1.38,1.7
29.7,58.3,45.3,0,236,1.73,1.8
26.3,57.6,45.2,1,231,1.52,1.8
26.5,58.9,45.3,0,225,1.67,1.4
24.5,58.1,45.1,0,229,1.1,1.8
25.4,58.5,45.3,0,226,1.33,1.5
27.4,59.4,45.2,1,227,1.11,2.5
30.6,60.5,45.2,0,226,1.13,1.4
26.3,59.5,45.2,0,230,0.91,2.2
31.2,61.1,45.2,0,237,1.14,1.6
32.9,61.6,45.2,1,230,1.3,2.0
32.3,61.4,45.1,0,226,1.24,2.0
33.8,61.1,45.2,0,230,1.36,2.2
35.7,62.2,45.3,0,228,1.12,2.3
40.9,63.2,45.2,0,239,1.8,2.1
36.0,62.4,45.3,0,239,1.37,1.7
32.3,61.6,45.3,0,232,1.5,2.0
39.9,63.2,45.2,0,238,1.5,2.0
41.2,63.2,45.3,0,236,1.89,1.9
40.1,64.4,45.2,0,235,1.92,2.1
43.2,66.1,45.2,0,237,1.8,2.6
38.2,65.4,45.3,1,237,1.5,2.2
34.3,64.6,45.2,0,233,1.22,1.9
35.3,65.1,45.2,0,235,0.74,2.5
36.4,64.7,45.3,2,234,1.23,2.7
29.7,63.6,45.2,1,231,0.49,2.6
31.7,63.9,45.2,0,228,0.56,2.1
27.3,62.6,45.2,1,228,0.52,2.0
25.3,61.7,45.2,0,227,0.28,2.1
29.7,62.1,45.3,0,233,0.61,1.9
29.0,62.1,45.2,0,234,0.49,1.4
27.4,61.7,45.2,0,230,0.28,2.3
32.3,62.2,45.3,0,232,0.82,1.7
30.9,62.0,45.2,0,229,0.69,1.7
27.2,61.3,45.3,0,222,0.71,1.9
24.6,60.7,45.2,0,229,0.39,2.3
20.9,60.7,45.3,0,224,0.35,1.9
25.2,61.3,45.2,0,223,0.77,2.3
20.2,59.4,45.2,0,227,0.5,2.1
25.1,60.4,45.1,1,229,0.91,2.2
30.7,60.9,45.2,0,225,1.17,1.7
30.3,61.2,45.2,0,221,1.18,1.5
27.4,60.9,45.3,2,217,1.07,1.6
30.9,61.4,45.2,0,221,1.4,2.5
29.8,61.4,45.2,0,227,1.37,1.6
30.2,61.1,45.2,1,226,1.28,2.4
28.3,60.4,45.3,1,219,1.0,1.9
30.8,59.8,45.2,0,220,1.17,1.5
28.1,58.0,45.3,0,220,1.21,1.6
21.8,56.5,45.2,0,224,0.75,2.0
23.5,57.9,45.2,0,228,1.0,1.7
25.6,57.5,45.2,2,216,0.9,1.6
31.5,58.7,45.3,0,215,1.14,2.2
30.8,58.1,45.2,0,220,1.01,1.7
27.3,57.7,45.2,1,218,1.07,1.6
34.5,58.6,45.1,0,215,1.35,2.2
34.5,58.6,45.2,1,212,1.29,2.1
35.5,59.0,45.2,0,217,1.09,1.9
32.2,58.0,45.1,1,219,0.9,1.6
27.8,57.1,45.2,0,212,0.86,1.6
30.4,57.5,45.2,0,218,0.93,2.5
32.4,58.2,45.2,0,221,1.02,1.4
29.3,57.9,45.4,0,221,1.12,1.2
31.4,58.7,45.2,0,220,1.14,1.9
31.3,59.0,45.2,0,218,1.01,1.7
31.1,58.3,45.2,0,227,1.47,2.1
35.6,59.0,45.2,1,228,1.44,1.7
33.8,58.9,45.2,1,231,1.53,2.0
35.2,59.2,45.2,0,221,1.56,1.8
32.5,59.1,45.3,0,225,1.37,1.7
32.5,58.4,45.2,0,229,1.05,1.9
38.3,59.0,45.1,0,227,1.57,1.6
34.9,57.8,45.2,0,217,1.21,2.4
32.7,57.6,45.2,0,216,1.04,2.1
32.8,57.2,45.2,0,223,1.12,1.9
30.3,56.2,45.3,0,219,1.02,1.9
30.6,56.5,45.2,0,223,1.09,1.6
28.5,55.8,45.2,0,219,1.25,1.8
32.3,56.0,45.2,1,220,1.47,1.8
25.5,54.9,45.2,0,221,1.29,2.0
28.4,55.4,45.3,0,215,1.79,1.8
29.5,56.0,45.2,0,220,1.71,1.9
29.0,56.2,45.3,0,217,1.64,2.3
29.1,55.9,45.2,0,223,1.63,1.8
33.1,56.5,45.2,0,223,1.72,1.4
32.7,56.4,45.2,0,223,1.54,1.8
30.9,56.5,45.2,1,222,1.39,1.8
32.6,56.8,45.2,0,222,1.51,2.0
31.3,57.1,45.2,0,223,1.56,1.2
30.1,56.6,45.3,0,220,1.69,2.2
26.8,55.9,45.3,0,221,1.87,1.3
26.2,56.6,45.1,0,222,1.4,2.1
25.5,55.6,45.3,0,220,1.52,1.9
24.8,54.7,45.2,0,219,1.37,1.4
28.8,55.9,45.2,0,212,1.48,1.5
28.9,56.4,45.2,1,216,1.49,1.6
31.7,57.6,45.3,1,216,1.61,1.8
33.3,58.4,45.2,0,217,1.57,1.5
29.8,58.2,45.2,0,215,1.72,1.7
32.0,58.4,45.3,1,215,1.25,2.1
29.2,57.8,45.3,1,217,1.32,1.8
30.2,58.3,45.2,0,217,1.21,1.8
31.7,57.8,45.2,0,220,1.71,2.0
28.5,56.5,45.3,0,226,1.07,1.4
35.0,57.4,45.2,1,227,1.26,1.4
32.8,57.6,45.2,0,232,1.0,1.7
29.0,57.2,45.2,0,225,0.62,1.8
25.7,55.8,45.2,0,222,0.93,1.5
28.3,56.0,45.2,1,225,1.23,1.7
29.2,55.9,45.2,0,230,1.24,1.8
31.0,56.3,45.2,2,224,1.26,1.9
30.6,56.3,45.2,0,224,1.0,2.0
29.0,56.0,45.2,0,234,1.04,1.6
28.3,55.3,45.2,0,232,1.21,2.1
27.3,55.8,45.3,0,228,1.05,1.8
30.3,57.0,45.3,2,229,1.32,1.7
30.5,56.4,45.2,0,227,1.57,2.1
25.1,55.2,45.2,1,224,1.2,1.5
28.4,56.5,45.4,1,228,1.15,1.4
29.6,56.9,45.2,0,234,1.36,1.9
27.2,56.7,45.3,0,237,1.3,1.2
32.2,57.4,45.2,0,238,1.59,1.6
33.4,58.5,45.3,0,233,1.98,1.8
34.6,58.1,45.3,0,238,1.66,2.0
31.9,58.0,45.2,0,236,1.22,2.1
29.8,58.6,45.2,1,237,1.28,2.0
28.2,57.8,45.2,0,237,1.14,1.9
30.5,59.0,45.2,0,239,1.26,1.6
24.9,58.3,45.3,0,235,1.13,1.9
22.8,57.5,45.2,0,233,0.99,1.7
23.6,57.7,45.3,1,231,1.09,1.7
28.1,59.3,45.3,0,231,1.33,1.7
29.5,59.3,45.2,0,229,1.62,2.3
26.1,58.3,45.3,0,230,1.48,2.2
23.5,56.1,45.3,0,236,0.81,1.1
23.0,55.0,45.3,1,234,0.81,1.5
24.4,55.1,45.3,2,234,0.78,1.3
27.3,55.6,45.2,0,228,0.76,1.7
24.7,55.4,45.1,0,233,1.03,2.1
25.1,56.0,45.2,0,231,1.33,1.7
23.3,56.8,45.2,0,232,0.92,2.0
30.2,58.5,45.2,1,227,1.34,1.6
27.1,59.5,45.3,0,228,1.24,2.4
28.3,60.1,45.2,0,224,1.05,2.5
31.6,61.5,45.3,0,231,1.4,2.0
32.5,61.1,45.2,0,228,1.3,1.1
29.3,60.7,45.3,0,225,1.26,1.5
33.2,61.9,45.2,0,226,1.67,1.6
32.5,62.2,45.2,0,225,1.24,2.3
26.5,60.7,45.3,1,222,1.26,1.9
37.0,62.7,45.2,0,210,1.75,1.7
37.3,61.9,45.2,0,219,1.84,2.2
33.7,61.3,45.3,0,219,2.08,1.8
33.2,60.5,45.2,0,226,1.74,1.4
38.4,62.1,45.3,0,224,2.15,1.4
37.2,61.9,45.2,0,225,2.12,2.2
35.5,61.9,45.1,0,229,1.62,2.2
41.4,63.3,45.3,0,228,1.91,1.8
36.3,62.5,45.3,0,229,1.88,1.7
37.4,63.1,45.3,2,222,1.88,1.9
34.5,62.5,45.2,0,220,1.49,2.7
29.0,60.3,45.2,0,218,1.35,2.0
30.1,61.2,45.3,0,216,1.38,1.8
30.9,60.9,45.3,1,215,1.29,1.7
34.9,62.1,45.2,0,215,1.44,2.2
37.4,62.8,45.3,0,224,1.84,2.3
36.1,62.7,45.3,0,225,1.72,1.7
34.9,62.5,45.3,0,227,1.45,1.9
34.1,62.3,45.2,1,232,1.49,2.0
36.4,62.8,45.4,0,230,2.07,2.0
37.4,62.9,45.2,0,223,1.73,2.1
31.1,61.5,45.3,0,223,1.28,1.9
28.8,61.1,45.3,0,225,1.31,2.5
25.6,60.8,45.2,0,220,1.49,1.8
27.3,60.7,45.2,0,224,1.3,2.2
26.2,60.6,45.2,0,223,1.5,1.8
27.0,59.8,45.4,0,218,1.41,2.5
25.2,59.0,45.3,0,218,1.21,1.7
23.2,57.5,45.3,1,221,1.51,1.7
22.8,57.2,45.2,0,224,1.5,2.1
25.5,57.9,45.4,0,216,1.57,1.5
20.9,57.4,45.4,0,223,1.57,2.0
28.6,58.1,45.2,2,221,1.55,1.8
28.1,58.4,45.2,0,216,1.31,1.8
27.3,57.6,45.3,0,217,1.05,1.5
26.0,57.1,45.3,0,215,1.36,1.9
29.4,57.4,45.3,0,216,1.17,1.6
30.0,58.4,45.2,1,224,1.37,1.9
30.8,58.6,45.2,0,229,0.92,1.8
33.4,60.3,45.3,0,226,0.94,2.0
36.6,61.4,45.2,0,223,0.91,1.9
29.8,59.8,45.4,0,218,0.61,2.2
30.3,60.1,45.3,0,226,0.96,1.5
27.1,60.2,45.3,0,225,0.81,1.9
28.4,59.8,45.3,0,213,1.09,2.2
26.8,59.1,45.2,0,215,1.2,2.1
22.5,58.2,45.3,0,216,0.81,2.1
24.7,58.4,45.2,2,209,1.11,1.5
27.3,58.7,45.3,0,211,1.32,2.3
28.6,59.9,45.3,0,207,1.08,1.7
24.1,59.0,45.3,0,210,1.04,1.9
28.8,59.7,45.1,0,207,1.17,1.7
25.7,58.7,45.3,0,211,1.31,2.1
23.3,57.4,45.2,0,206,1.33,2.0
28.5,58.9,45.3,2,211,1.41,1.3
29.1,58.6,45.3,0,211,1.44,1.1
27.6,60.3,45.3,1,203,1.0,2.1
26.0,60.1,45.3,0,205,1.02,1.8
28.9,60.2,45.2,0,204,1.16,2.1
27.9,59.3,45.3,0,207,1.22,1.9
30.0,59.4,45.3,0,208,1.24,1.9
33.4,60.2,45.3,0,210,1.37,1.8
29.8,59.1,45.3,1,209,1.49,1.5
28.3,59.1,45.2,1,209,1.29,1.7
28.2,59.4,45.3,2,208,1.28,2.0
30.6,60.1,45.2,0,210,1.18,2.1
32.7,60.7,45.4,0,211,1.15,2.3
32.7,60.7,45.2,0,213,1.19,1.9
33.6,60.4,45.3,0,212,1.69,1.8
32.3,59.3,45.3,0,212,1.25,2.0
30.6,58.0,45.2,0,215,1.26,1.1
28.8,57.3,45.3,0,216,1.02,2.1
26.2,57.2,45.3,0,213,1.33,1.7
27.0,57.3,45.3,2,210,1.46,1.7
27.1,56.7,45.2,1,215,1.34,1.8
27.6,57.2,45.3,0,216,1.59,1.4
33.5,57.8,45.4,0,211,1.48,1.9
36.1,57.7,45.3,0,213,1.3,1.5
32.2,56.3,45.3,0,219,1.4,0.9
29.0,55.3,45.3,0,221,1.11,1.9
31.2,55.7,45.2,2,226,0.91,2.4
26.4,54.0,45.3,0,223,0.71,1.8
26.8,53.2,45.3,0,225,1.35,1.7
27.3,53.6,45.3,0,227,1.24,1.6
30.9,54.5,45.3,1,219,1.3,2.3
28.7,54.3,45.3,1,225,1.42,2.1
26.6,54.3,45.2,0,228,1.04,1.5
29.4,54.9,45.3,1,230,1.26,1.6
25.3,55.1,45.2,0,225,0.92,1.3
31.8,56.3,45.3,0,221,1.3,1.7
33.1,56.5,45.2,0,214,1.3,1.2
32.0,57.0,45.3,2,216,1.13,1.5
28.2,56.4,45.2,0,220,1.25,1.7
25.5,55.7,45.3,0,216,0.82,1.1
28.4,56.3,45.4,0,212,1.01,1.5
33.7,56.6,45.3,0,210,1.04,2.0
31.1,56.5,45.3,0,209,0.86,2.0
35.5,57.2,45.4,0,209,1.04,1.5
36.2,57.6,45.2,0,215,1.07,1.7
37.8,58.6,45.3,0,216,1.03,1.8
35.7,58.6,45.3,1,212,1.0,1.8
35.7,58.7,45.2,0,211,1.31,1.8
37.4,59.2,45.3,0,219,1.18,1.6
30.0,57.8,45.3,1,211,0.65,2.1
28.3,58.3,45.3,0,210,0.89,1.8
35.9,58.7,45.3,1,212,1.28,1.6
32.8,57.8,45.3,0,214,1.13,1.8
30.0,56.7,45.3,0,215,1.29,2.0
29.7,56.8,45.3,0,220,1.23,1.9
30.7,56.9,45.3,0,220,1.48,2.4
31.1,57.0,45.2,0,218,1.52,1.4
29.6,57.7,45.2,0,217,0.94,1.6
30.9,58.1,45.2,0,220,1.42,1.5
33.0,58.9,45.3,0,217,1.51,1.4
33.1,58.7,45.4,0,226,1.64,2.2
32.5,58.1,45.3,1,220,1.18,1.8
33.0,57.6,45.2,0,217,1.35,1.7
33.7,58.5,45.2,0,215,1.08,2.1
35.4,58.2,45.3,0,209,1.25,1.7
38.6,58.5,45.2,1,216,1.55,1.4
41.0,60.2,45.2,0,212,1.82,1.9
36.7,59.5,45.3,0,219,1.77,1.6
33.7,58.9,45.4,0,212,1.61,1.4
31.9,58.3,45.3,0,212,1.21,2.4
35.7,58.4,45.3,0,206,1.53,1.9
31.5,57.7,45.3,0,210,1.38,2.0
28.9,57.7,45.3,0,211,1.14,2.3
27.5,56.9,45.1,0,205,0.51,1.8
23.7,55.8,45.3,1,205,0.42,1.9
25.1,57.0,45.3,0,208,0.55,1.6
25.3,56.7,45.3,0,205,0.58,1.2
22.3,56.5,45.3,1,208,0.65,1.9
27.4,58.7,45.3,0,206,1.0,2.2
28.2,58.3,45.3,0,206,1.29,1.7
31.4,58.9,45.3,0,212,0.95,1.8
32.7,58.5,45.3,0,213,1.68,1.3
28.5,56.4,45.3,1,220,1.27,1.4
29.1,57.2,45.3,0,218,1.14,2.2
26.3,56.9,45.2,0,218,1.09,1.6
27.7,57.0,45.3,1,216,1.6,1.5
34.1,58.5,45.3,0,214,1.72,1.7
36.8,58.6,45.3,0,216,2.11,1.5
39.0,58.2,45.4,1,214,1.62,1.4
40.5,58.1,45.3,0,216,1.78,1.3
33.6,56.2,45.3,0,219,1.68,1.8
32.3,55.4,45.3,0,215,1.16,1.5
32.1,55.9,45.4,0,215,0.91,1.5
35.9,56.2,45.3,0,222,1.15,1.9
37.4,55.9,45.3,0,223,1.26,2.3
32.2,54.9,45.3,2,221,0.78,1.5
32.2,55.2,45.3,0,217,0.74,1.3
33.5,56.4,45.3,0,220,0.99,1.4
31.3,56.1,45.3,0,214,0.71,2.0
29.4,54.9,45.4,0,213,0.89,1.3
27.4,53.9,45.2,0,220,1.07,1.7
28.3,54.7,45.3,0,221,0.91,2.1
24.6,53.5,45.3,0,216,0.79,1.6
25.6,54.0,45.3,0,208,0.79,1.5
29.3,55.8,45.4,0,209,1.13,1.8
30.1,55.1,45.3,0,211,1.07,2.2
31.1,54.4,45.4,0,213,1.54,1.4
29.6,54.0,45.3,0,218,1.22,1.6
26.3,53.3,45.3,0,218,1.29,1.4
27.0,53.9,45.3,0,218,1.17,1.5
27.2,53.0,45.4,0,216,1.02,1.2
22.3,52.4,45.3,0,214,0.59,2.0
26.5,53.1,45.2,0,213,0.82,1.8
23.3,51.5,45.3,0,215,1.08,1.6
19.5,50.6,45.4,0,212,1.19,1.7
20.4,51.1,45.4,0,209,0.7,1.6
25.9,53.2,45.3,1,210,1.06,2.0
25.8,52.8,45.2,0,208,1.1,1.4
21.6,52.4,45.3,0,212,0.89,1.5
21.3,51.6,45.4,1,213,0.9,1.4
27.7,53.5,45.3,0,208,1.42,1.6
21.7,52.3,45.3,0,206,0.8,1.1
20.0,52.8,45.3,0,200,1.07,2.4
23.9,52.8,45.2,0,210,1.31,1.3
20.8,51.5,45.4,0,206,1.42,1.5
23.0,51.0,45.3,1,210,1.37,1.9
24.1,52.3,45.4,1,212,1.29,1.4
22.9,51.8,45.3,1,221,1.47,1.8
24.3,51.0,45.2,1,220,1.41,1.8
26.8,51.1,45.3,1,221,1.69,0.9
27.3,51.7,45.3,1,227,1.36,1.2
31.0,52.9,45.3,0,224,1.37,1.6
32.8,53.5,45.3,0,224,1.59,1.2
30.7,52.3,45.3,0,226,1.4,1.9
31.4,52.4,45.4,0,230,1.24,1.9
35.8,52.1,45.2,0,234,1.15,1.7
36.2,51.4,45.3,0,231,1.33,1.3
36.6,51.9,45.3,0,226,1.14,1.3
31.8,51.5,45.3,0,228,1.05,1.7
30.1,51.0,45.3,0,224,1.19,0.9
28.7,49.7,45.3,0,224,0.85,1.1
26.9,48.9,45.3,1,220,1.31,1.6
22.3,47.8,45.3,0,217,1.29,1.3
18.1,48.0,45.3,0,215,1.06,0.8
20.7,48.2,45.3,1,216,1.35,1.4
18.3,46.9,45.2,0,215,1.29,1.5
18.0,46.2,45.3,0,211,1.57,1.1
17.2,45.7,45.3,1,214,1.19,0.6
13.3,44.7,45.3,0,213,1.08,0.8
15.4,45.0,45.3,0,212,1.16,1.1
12.7,45.7,45.4,1,215,0.5,1.1
10.1,45.0,45.3,0,207,0.91,0.7
15.0,44.8,45.3,0,213,1.01,0.9
14.1,45.3,45.3,1,214,0.96,1.0
16.3,45.4,45.3,0,215,0.95,1.3
18.8,45.5,45.2,0,218,1.04,0.7
16.3,44.8,45.4,0,218,0.38,0.8
19.3,45.6,45.4,0,215,0.27,1.5
17.4,45.4,45.3,0,211,0.61,0.7
16.3,45.6,45.4,0,218,0.57,0.5
12.9,44.8,45.2,0,220,0.2,0.7
15.5,45.4,45.3,0,214,0.34,1.0
18.3,45.4,45.3,0,212,0.39,0.9
21.3,45.5,45.3,2,214,0.41,1.1
16.4,44.3,45.3,0,215,0.47,1.0
18.1,44.5,45.4,1,220,0.44,0.7
23.0,44.6,45.3,1,214,0.84,1.4
24.3,44.2,45.3,0,210,1.01,0.8
16.7,43.6,45.3,1,207,0.67,1.4
20.3,45.1,45.3,1,208,0.81,0.8
19.1,45.9,45.3,0,205,0.98,1.1
25.4,47.9,45.4,0,205,1.16,1.6
22.4,47.9,45.3,0,204,1.16,1.1
20.7,48.6,45.3,0,213,0.79,1.5
22.8,49.4,45.4,0,210,1.45,1.7
25.9,49.9,45.3,1,213,1.58,0.9
25.1,49.6,45.3,0,211,1.28,1.1
15.5,47.9,45.3,0,214,0.84,1.2
19.4,48.9,45.3,1,212,0.77,0.9
18.2,48.6,45.3,0,213,0.4,1.3
13.0,47.4,45.4,1,212,0.58,1.3
14.8,47.8,45.3,0,209,0.74,1.2
9.6,46.3,45.4,2,209,0.61,1.0
9.7,47.7,45.4,0,220,0.53,1.3
7.2,47.5,45.3,0,212,0.31,1.1
6.6,46.2,45.3,0,210,0.59,1.2
8.7,47.2,45.3,0,214,0.63,1.0
13.2,47.6,45.3,0,213,0.41,1.7
8.4,46.5,45.4,0,211,0.26,1.6
8.5,46.6,45.3,0,210,0.33,1.4
15.6,48.6,45.3,1,205,0.67,1.3
15.5,48.5,45.4,1,212,0.81,1.5
18.4,49.3,45.3,0,206,0.67,1.5
21.1,49.8,45.3,0,207,0.69,1.3
23.3,51.6,45.4,0,201,0.71,1.8
26.6,52.2,45.4,0,203,0.75,2.0
29.4,52.3,45.3,1,206,1.18,0.7
23.7,50.4,45.3,0,208,0.76,1.6
26.1,50.9,45.4,0,211,0.83,1.5
28.7,51.1,45.4,0,214,0.83,1.6
31.2,51.8,45.4,0,215,1.13,1.3
34.4,52.7,45.3,0,216,0.98,1.7
27.1,50.6,45.4,0,213,0.68,1.3
24.9,50.2,45.4,2,214,0.81,0.9
18.1,48.4,45.4,1,221,0.63,1.2
21.7,48.8,45.4,0,215,0.87,2.0
19.3,47.8,45.4,1,219,0.64,1.3
18.7,47.6,45.4,1,221,0.64,1.2
17.2,46.9,45.3,0,221,0.96,0.9
23.4,47.8,45.4,0,219,1.03,1.7
18.8,46.8,45.4,0,213,0.95,1.4
26.5,47.6,45.4,0,210,1.24,1.2
26.2,48.4,45.4,0,216,1.12,1.8
24.2,48.4,45.3,1,219,0.91,1.3
26.5,48.7,45.3,0,214,1.12,1.5
23.6,48.4,45.3,0,215,1.14,1.2
19.8,47.1,45.4,1,218,0.54,1.8
24.2,48.1,45.4,0,215,0.74,0.9
22.9,47.0,45.3,1,207,1.26,1.6
23.8,47.2,45.4,0,203,1.12,1.1
24.5,47.5,45.3,0,209,1.11,0.9
28.6,48.2,45.4,0,205,1.5,1.5
22.6,47.5,45.4,0,201,1.05,1.0
23.8,47.3,45.3,0,206,1.28,1.1
21.4,47.0,45.3,0,208,0.97,1.4
16.6,46.4,45.3,0,208,0.55,1.5
17.1,46.9,45.4,1,206,1.02,1.8
13.7,46.2,45.3,1,214,0.49,1.1
16.3,47.7,45.4,0,209,0.5,1.3
13.2,47.6,45.2,1,212,0.13,0.4
17.3,48.8,45.4,0,211,0.38,1.3
15.9,48.1,45.3,0,210,0.16,0.8
24.1,49.8,45.3,0,197,0.57,1.2
24.0,49.5,45.4,1,202,0.57,1.3
21.7,50.3,45.4,0,200,0.59,1.5
18.7,49.9,45.3,0,202,0.41,1.5
20.0,49.7,45.3,0,207,0.76,1.6
23.7,50.9,45.4,1,206,0.61,1.1
23.5,51.5,45.3,0,207,0.85,0.8
23.3,51.1,45.3,1,206,0.92,1.9
21.7,50.9,45.4,0,200,0.9,1.4
23.1,52.6,45.3,2,198,0.91,1.7
22.1,52.4,45.4,0,199,1.15,1.3
27.1,53.5,45.3,0,188,1.34,1.4
23.0,54.5,45.3,1,196,1.1,1.5
25.5,54.9,45.3,0,198,0.97,1.5
25.3,54.1,45.4,1,201,0.88,1.7
26.0,53.6,45.4,0,203,1.09,1.5
21.4,52.7,45.3,1,203,1.07,1.4
19.7,52.8,45.3,0,201,1.15,1.5
21.4,52.5,45.3,0,199,0.92,1.4
21.4,51.3,45.4,1,199,1.01,1.3
19.6,51.2,45.3,0,198,0.81,1.8
18.6,50.9,45.3,1,204,0.62,1.5
21.2,51.1,45.4,0,205,0.87,2.1
23.1,50.9,45.4,0,206,0.59,1.5
15.6,50.1,45.4,0,207,0.2,1.1
17.7,50.3,45.3,0,209,0.32,1.1
8.7,47.7,45.3,0,210,0.05,1.3
11.0,47.6,45.3,0,207,0.05,0.9
5.9,46.3,45.4,0,201,0.05,1.1
11.5,46.6,45.3,0,202,0.05,1.0
12.0,46.4,45.3,0,200,0.1,1.6
13.7,47.4,45.4,0,202,0.05,1.3
11.2,47.5,45.4,0,204,0.26,1.2
11.6,48.1,45.3,0,200,0.13,1.1
16.2,49.6,45.3,0,213,0.53,1.1
15.3,49.5,45.4,0,206,0.3,1.1
13.7,49.3,45.4,0,206,0.3,1.3
16.0,48.8,45.3,0,210,0.61,1.7
11.7,48.3,45.3,0,213,0.05,1.5
17.2,49.8,45.4,1,207,0.52,1.2
11.7,48.8,45.4,0,207,0.14,1.4
11.2,48.8,45.4,0,207,0.27,1.5
7.7,47.4,45.5,0,214,0.24,0.8
11.8,48.0,45.3,0,214,0.44,1.3
9.2,46.5,45.3,0,212,0.54,1.0
13.1,47.0,45.3,1,211,0.53,1.0
13.0,46.9,45.4,0,206,0.28,1.4
17.2,47.4,45.3,0,206,0.51,1.4
15.3,47.7,45.3,0,202,0.05,1.5
19.0,47.9,45.4,0,207,0.54,1.0
17.7,47.9,45.4,0,204,0.99,1.3
24.7,49.4,45.4,0,203,1.22,1.6
26.5,49.7,45.3,1,196,1.13,1.1
18.2,48.3,45.5,0,198,0.82,1.3
21.8,49.3,45.4,0,198,0.58,1.3
23.4,49.4,45.4,0,194,0.66,1.8
14.6,48.4,45.3,0,199,0.4,1.1
15.8,48.6,45.4,0,194,0.46,1.0
15.2,48.8,45.4,1,198,0.65,1.4
15.7,48.3,45.3,0,200,0.33,1.0
19.9,48.6,45.4,1,193,0.77,1.5
16.7,48.0,45.4,1,194,0.63,1.6
17.9,49.6,45.4,2,192,0.75,1.5
14.4,48.2,45.4,0,196,0.54,1.5
12.4,47.1,45.4,0,194,0.72,1.1
12.2,46.6,45.3,0,195,0.58,1.5
13.6,46.6,45.4,0,199,0.46,1.3
19.6,47.9,45.3,0,200,0.6,1.5
18.6,48.3,45.4,1,205,0.41,1.0
16.3,47.7,45.3,0,202,0.48,1.2
16.9,48.2,45.3,0,198,0.76,0.5
13.0,47.5,45.4,2,204,0.54,0.6
13.9,47.3,45.4,0,203,0.71,1.8
13.7,47.0,45.4,0,207,0.29,1.3
17.4,48.0,45.4,1,208,0.94,0.8
12.9,47.2,45.3,0,210,0.65,1.0
15.5,48.6,45.4,0,207,0.69,1.0
17.2,49.0,45.4,1,207,0.56,1.9
15.7,48.6,45.3,0,201,0.46,1.3
16.1,48.0,45.4,0,205,0.51,1.0
18.2,48.0,45.3,0,202,0.46,1.5
15.3,47.7,45.4,0,209,0.31,1.4
18.8,48.6,45.3,0,206,0.41,1.7
21.8,50.1,45.4,0,208,0.45,1.4
21.2,49.6,45.4,0,208,0.36,1.5
19.8,49.7,45.2,1,213,0.63,1.3
13.7,48.4,45.3,0,214,0.5,1.4
10.4,46.6,45.3,0,206,0.05,0.9
10.8,46.0,45.4,0,212,0.46,0.9
15.6,47.1,45.4,0,201,0.57,1.2
14.3,46.7,45.4,2,207,0.63,1.4
15.6,46.6,45.3,0,208,0.32,1.9
13.9,46.9,45.3,0,205,0.05,1.3
12.6,46.6,45.4,0,198,0.05,1.2
13.7,47.0,45.4,0,197,0.05,1.5
15.3,47.8,45.4,1,196,0.05,0.8
17.0,47.8,45.4,0,200,0.22,1.1
15.6,48.0,45.4,0,198,0.39,1.7
19.1,48.1,45.4,0,194,0.63,1.3
20.5,47.6,45.4,1,199,0.68,1.4
18.8,48.0,45.4,0,202,0.34,1.2
18.3,48.7,45.3,0,204,0.69,1.5
19.4,49.3,45.4,0,198,0.97,2.0
17.1,48.4,45.5,0,196,0.72,1.0
22.4,49.3,45.3,0,196,0.59,1.5
21.1,48.5,45.3,0,197,0.28,1.1
21.3,48.0,45.3,0,198,0.45,1.4
21.7,48.2,45.4,1,200,0.76,1.3
26.4,48.9,45.4,0,199,0.96,1.8
23.9,49.1,45.3,0,196,0.99,1.6
23.5,48.1,45.4,0,199,0.79,1.0
25.7,48.3,45.4,0,194,0.97,1.4
21.1,46.7,45.4,0,201,0.82,1.4
19.6,45.7,45.3,0,195,0.7,1.2
23.9,47.7,45.3,1,196,0.87,1.2
19.6,47.8,45.4,0,195,0.64,0.7
17.2,47.5,45.3,1,197,0.88,1.3
16.2,47.7,45.4,0,196,0.87,1.4
22.5,49.3,45.5,0,198,0.76,1.7
22.9,49.4,45.4,0,205,1.06,1.3
22.2,47.4,45.3,0,195,0.58,0.9
18.9,45.5,45.4,0,196,0.87,1.1
19.2,45.9,45.3,0,192,0.86,1.3
19.7,44.6,45.4,1,194,1.05,1.1
15.9,44.7,45.4,0,195,0.79,0.6
17.5,45.5,45.4,0,196,1.01,1.1
17.1,45.7,45.4,0,196,0.77,1.0
13.7,45.3,45.4,0,194,0.95,0.7
13.0,45.6,45.4,0,193,0.71,1.1
15.7,45.8,45.4,1,195,0.79,0.8
21.8,48.1,45.4,0,201,1.07,1.1
19.3,47.4,45.4,0,197,0.78,1.5
19.5,47.0,45.4,2,202,1.01,1.5
19.0,47.9,45.3,1,200,0.64,1.5
20.3,48.3,45.4,1,207,0.93,1.4
19.3,48.3,45.4,1,203,0.95,0.8
14.8,48.0,45.3,0,199,0.65,1.0
11.1,48.6,45.3,0,197,0.33,1.3
13.5,49.0,45.4,0,196,0.35,1.9
11.2,48.5,45.4,1,195,0.44,1.3
12.8,48.0,45.4,0,186,0.58,0.9
15.5,48.5,45.4,0,191,0.72,1.0
10.0,48.3,45.4,1,195,0.41,1.2
7.9,47.4,45.3,0,196,0.15,1.6
10.3,47.3,45.5,0,187,0.41,1.5
10.3,46.3,45.4,0,189,0.45,1.2
9.4,45.4,45.4,0,189,0.47,1.0
11.2,45.0,45.3,0,197,0.05,0.8
13.9,45.5,45.4,0,198,0.6,1.0
19.1,46.7,45.3,0,199,0.83,1.0
22.7,46.3,45.4,0,197,0.91,1.0
19.8,46.0,45.3,0,195,1.01,1.1
20.4,46.9,45.4,1,199,0.91,1.2
12.1,45.8,45.4,0,205,0.69,1.0
10.1,44.9,45.3,0,204,0.69,1.7
11.3,45.7,45.3,0,207,0.53,1.0
10.6,45.2,45.3,0,208,0.52,1.0
13.2,45.1,45.4,0,206,0.69,0.6
8.4,43.4,45.3,0,199,0.37,1.0
10.3,42.9,45.3,0,199,0.59,1.7
5.1,41.7,45.4,0,195,0.65,0.8
2.5,41.6,45.5,0,193,0.52,1.1
12.3,42.6,45.4,0,194,0.58,1.3
7.9,40.6,45.4,0,192,0.52,1.4
14.6,42.7,45.4,0,189,0.64,1.4
16.3,42.5,45.3,0,193,0.5,0.7
16.3,43.9,45.3,0,188,0.47,1.2
9.0,42.7,45.4,1,195,0.06,1.4
14.6,43.1,45.4,0,201,0.46,1.3
13.4,43.5,45.4,0,200,0.45,0.9
12.2,43.9,45.4,0,203,0.17,1.0
11.6,42.8,45.4,0,196,0.16,0.9
11.3,42.6,45.4,0,193,0.3,0.6
11.6,43.6,45.5,1,192,0.54,1.1
10.6,42.5,45.3,0,191,0.37,1.6
12.7,43.2,45.5,0,192,0.32,1.2
11.8,43.3,45.4,1,190,0.27,1.2
13.4,44.8,45.3,0,197,0.45,0.9
13.7,45.7,45.4,2,189,0.37,0.8
13.1,45.3,45.4,0,195,0.48,1.1
15.6,45.0,45.4,0,187,0.75,1.3
14.8,44.7,45.4,0,187,0.76,0.9
14.5,44.7,45.5,0,190,0.69,1.2
15.9,45.0,45.4,0,195,0.7,1.2
15.4,44.6,45.3,0,197,0.46,1.6
12.0,43.4,45.4,0,198,0.39,1.1
16.8,45.2,45.4,0,202,0.24,1.7
11.7,44.0,45.4,0,197,0.05,1.3
14.4,44.1,45.4,0,199,0.42,0.7
10.1,43.4,45.4,1,202,0.05,1.1
13.9,44.3,45.4,0,207,0.45,1.3
12.2,44.0,45.4,0,202,0.55,0.9
6.1,43.5,45.4,0,190,0.42,1.2
8.1,43.3,45.4,1,199,0.37,1.7
10.0,43.9,45.4,0,194,0.12,0.8
9.9,44.5,45.3,1,189,0.41,1.0
9.4,44.2,45.4,1,191,0.2,1.3
6.6,43.7,45.4,0,191,0.46,0.9
4.8,43.7,45.5,0,187,0.33,0.9
10.2,45.1,45.5,0,188,0.53,1.5
14.2,46.0,45.4,1,184,0.35,1.2
20.1,46.4,45.4,0,193,0.32,0.9
16.2,45.1,45.4,0,193,0.65,1.1
14.2,44.8,45.4,0,191,1.02,1.1
18.8,45.5,45.4,0,198,0.68,1.2
16.1,44.9,45.4,0,200,0.88,1.3
12.3,43.8,45.5,0,197,0.87,0.7
13.1,43.0,45.4,0,194,1.0,1.4
7.7,42.4,45.4,0,201,0.45,0.7
13.5,42.9,45.4,1,191,0.81,1.3
14.2,44.1,45.4,0,196,0.95,1.4
16.3,46.2,45.4,0,193,0.9,1.1
18.1,47.0,45.4,0,195,1.14,1.2
18.9,47.5,45.4,0,189,0.92,1.5
20.3,47.4,45.3,0,194,1.09,1.6
19.3,46.6,45.5,0,196,1.15,1.3
18.7,46.2,45.4,0,193,1.2,0.7
13.9,45.9,45.4,1,194,0.91,1.0
16.3,46.4,45.4,0,194,1.46,1.5
14.8,45.2,45.2,1,197,0.88,0.7
10.3,44.8,45.4,0,196,0.55,0.8
11.2,44.7,45.5,0,194,0.45,1.3
10.1,45.0,45.4,0,184,0.43,1.0
13.3,45.6,45.5,0,186,0.62,1.1
14.5,45.4,45.3,0,193,0.34,1.1
10.7,44.4,45.3,0,192,0.44,0.9
12.3,45.2,45.3,0,195,0.47,1.3
12.0,44.8,45.5,0,195,0.5,1.6
7.0,44.6,45.3,0,189,0.06,0.8
9.4,44.6,45.4,0,194,0.41,1.2
10.5,45.7,45.4,0,192,0.05,1.0
8.7,44.6,45.4,0,188,0.05,1.3
8.5,43.9,45.4,0,187,0.05,1.0
2.0,43.0,45.4,0,186,0.05,1.8
8.9,45.3,45.4,0,187,0.05,1.3
8.0,44.9,45.3,0,193,0.3,1.2
7.9,45.4,45.3,0,192,0.42,1.6
14.0,46.0,45.5,0,196,0.54,1.1
10.0,44.7,45.4,0,193,0.6,1.0
10.5,44.8,45.4,0,204,0.64,1.2
9.4,45.8,45.4,1,207,0.68,1.0
8.9,45.6,45.4,0,211,0.63,0.6
8.0,44.4,45.4,0,203,0.49,0.9
12.5,43.9,45.4,0,198,1.08,1.0
8.3,43.1,45.4,1,199,0.79,1.3
9.4,43.7,45.3,1,203,0.53,0.9
8.8,43.4,45.4,1,202,0.11,0.6
5.6,42.8,45.5,1,209,0.34,0.6
5.5,42.4,45.4,0,205,0.07,1.5
5.8,43.2,45.3,0,204,0.5,1.1
3.2,43.0,45.5,1,199,0.05,1.4
3.8,42.3,45.5,2,204,0.05,1.9
4.0,42.0,45.4,0,208,0.05,0.7
2.9,42.5,45.5,0,199,0.05,0.9
2.0,42.4,45.4,0,198,0.05,0.4
2.0,41.0,45.4,0,203,0.17,0.8
6.2,41.6,45.5,0,197,0.46,0.8
5.7,41.2,45.4,0,197,0.05,1.4
9.0,40.4,45.4,0,197,0.05,0.8
7.0,40.3,45.5,0,197,0.11,0.7
6.2,41.0,45.3,0,194,0.05,1.7
4.8,40.5,45.4,1,195,0.05,0.3
14.3,41.9,45.5,0,203,0.05,1.4
12.2,41.4,45.5,1,197,0.74,1.1
14.9,41.7,45.3,0,200,0.68,0.8
11.0,40.9,45.5,1,205,0.33,0.7
7.7,40.6,45.4,1,200,0.34,0.9
7.4,39.6,45.4,2,194,0.51,0.9
9.3,39.9,45.4,0,198,0.5,0.9
12.6,41.7,45.5,0,201,1.17,1.1
9.3,41.0,45.5,0,193,0.94,1.0
6.8,40.6,45.5,0,199,0.39,0.9
12.2,41.9,45.5,0,194,0.7,1.2
9.8,41.0,45.4,0,193,0.59,1.0
13.2,40.9,45.4,0,199,0.62,0.4
17.1,43.1,45.5,0,202,0.55,0.9
20.1,43.7,45.5,0,207,0.94,1.6
20.1,43.1,45.4,0,204,1.01,1.3
14.3,42.5,45.4,0,198,0.74,1.7
23.6,44.2,45.4,0,202,0.94,1.0
20.3,43.0,45.5,0,195,0.84,0.7
22.4,43.1,45.5,1,195,1.1,1.2
16.0,41.1,45.4,0,202,0.65,0.8
13.5,40.0,45.4,0,199,0.4,0.8
14.2,40.8,45.4,0,201,0.3,0.6
15.2,41.1,45.4,0,203,0.55,0.9
9.2,39.8,45.4,3,200,0.43,1.2
12.4,41.3,45.5,1,203,0.45,1.0
17.4,42.7,45.4,1,205,1.15,1.1
17.3,42.5,45.4,0,197,1.17,1.0
17.0,41.6,45.4,0,200,0.82,1.3
16.2,41.2,45.4,0,198,0.79,1.3
19.2,42.6,45.3,0,200,1.12,0.9
19.6,42.1,45.5,0,196,0.99,0.7
21.5,43.8,45.4,0,195,0.88,1.1
14.5,42.3,45.5,2,192,0.69,1.0
8.0,40.2,45.5,1,190,0.41,1.0
15.1,41.4,45.4,0,189,0.65,0.6
12.0,41.7,45.5,0,190,0.42,1.4
20.4,43.0,45.4,0,185,1.08,1.6
27.8,44.8,45.4,0,186,1.0,0.8
21.1,44.0,45.5,0,188,0.82,1.1
15.3,42.5,45.4,1,186,0.66,0.8
16.2,43.3,45.5,1,191,0.69,0.9
19.4,44.8,45.5,0,194,1.3,1.7
19.5,45.3,45.4,0,189,0.91,1.2
20.2,44.4,45.5,0,188,0.85,1.1
12.6,43.1,45.4,0,188,0.75,1.4
10.3,43.0,45.4,0,198,0.56,0.5
6.1,42.7,45.5,0,191,0.35,1.5
5.1,43.6,45.4,1,195,0.52,1.7
3.9,43.5,45.5,0,197,0.69,1.2
10.2,44.8,45.5,0,196,1.05,0.5
5.9,42.7,45.3,0,192,0.63,1.0
9.6,42.7,45.5,0,193,0.76,1.5
11.2,43.7,45.4,2,191,0.89,1.0
16.7,44.1,45.4,1,198,0.57,0.6
12.1,43.1,45.5,0,197,0.53,1.1
12.7,42.2,45.4,1,200,0.82,0.4
14.6,42.4,45.4,0,203,0.68,1.0
11.4,41.1,45.5,0,206,0.73,0.8
13.0,41.7,45.4,1,205,0.66,0.8
10.9,41.3,45.5,0,207,0.61,1.3
12.5,41.9,45.4,0,212,0.45,1.1
9.9,40.5,45.5,1,211,0.27,1.3
9.9,40.4,45.5,1,209,0.05,1.0
12.1,41.4,45.4,0,207,0.56,0.8
17.1,40.6,45.4,0,204,0.69,0.8
20.4,40.9,45.5,1,212,0.85,0.8
26.0,42.1,45.3,0,204,0.93,0.4
24.8,42.4,45.4,0,205,0.96,1.2
25.8,43.0,45.4,0,205,0.98,1.2
22.5,42.8,45.4,0,200,0.67,1.2
29.2,44.4,45.4,0,202,0.73,1.0
23.2,43.7,45.4,0,206,0.6,1.3
20.1,43.0,45.5,0,204,0.68,0.8
15.0,42.0,45.4,1,202,0.31,0.9
17.0,41.7,45.4,0,204,0.29,0.9
17.8,41.8,45.5,0,201,0.31,0.8
18.5,41.8,45.5,0,196,0.5,1.0
18.2,42.8,45.5,0,198,0.62,1.5
10.5,40.6,45.4,0,196,0.34,1.4
12.6,41.2,45.4,0,202,0.53,0.8
15.8,41.7,45.4,1,193,0.44,1.4
14.4,41.5,45.4,1,194,0.24,0.3
16.0,42.6,45.4,1,187,0.76,1.1
16.2,42.6,45.3,0,194,0.61,0.8
17.5,42.3,45.4,0,202,0.62,0.9
15.9,42.1,45.5,0,194,0.82,1.2
13.0,42.2,45.4,1,188,0.8,1.4
10.4,41.9,45.5,0,199,0.44,1.2
10.6,42.4,45.5,0,192,0.37,0.8
5.2,40.5,45.5,0,191,0.22,0.7
10.8,42.3,45.4,0,195,0.7,1.2
8.3,41.5,45.5,0,194,0.41,0.9
10.4,41.3,45.4,0,196,0.43,0.8
12.1,41.8,45.4,0,191,0.2,0.9
6.8,40.0,45.4,0,193,0.05,0.4
14.7,41.8,45.4,0,192,0.54,1.3
12.5,42.4,45.5,0,193,0.6,0.8
12.2,42.0,45.4,0,195,0.57,1.0
12.8,41.7,45.5,1,197,0.46,1.5
15.0,42.9,45.4,1,199,0.45,1.7
15.9,43.5,45.5,0,201,0.48,0.4
8.4,42.5,45.5,1,208,0.29,1.1
11.5,42.1,45.3,1,198,0.61,0.6
16.4,42.6,45.4,0,198,0.66,0.7
21.6,44.8,45.5,0,200,0.97,1.1
16.6,43.3,45.5,1,200,0.73,1.3
19.2,43.6,45.5,0,201,0.52,1.2
16.7,43.3,45.6,0,201,0.62,0.9
9.1,41.9,45.5,0,206,0.26,1.0
10.7,42.2,45.5,0,203,0.52,1.7
14.3,41.4,45.4,0,203,0.61,1.1
11.0,41.1,45.4,2,209,0.69,0.4
12.3,40.8,45.4,1,204,0.24,1.1
8.0,40.6,45.5,0,202,0.16,0.5
12.6,42.3,45.5,2,205,0.39,0.9
8.9,41.0,45.4,0,207,0.19,1.4
9.9,41.3,45.5,1,212,0.19,1.0
8.8,42.1,45.4,0,213,0.18,0.6
12.4,43.9,45.4,0,213,0.25,1.6
11.9,44.4,45.4,0,212,0.26,0.9
2.5,42.3,45.5,0,215,0.05,1.0
5.1,43.0,45.4,0,218,0.05,1.5
4.0,42.3,45.3,1,211,0.25,1.4
5.2,43.4,45.5,0,217,0.09,1.4
2.3,43.1,45.4,1,213,0.07,0.9
5.7,44.6,45.4,0,211,0.67,0.8
4.9,43.0,45.5,0,207,0.66,0.9
2.0,42.1,45.4,1,210,0.81,1.2
2.0,41.8,45.5,0,208,0.52,1.3
3.9,41.9,45.4,0,208,0.46,1.4
9.3,42.3,45.4,0,200,0.85,1.2
4.1,41.6,45.5,0,201,0.47,0.6
4.4,41.2,45.5,0,198,0.29,0.9
11.0,43.7,45.4,0,202,0.67,1.4
13.1,43.9,45.3,0,191,0.55,0.6
8.5,42.7,45.5,0,199,0.3,0.7
7.1,42.1,45.4,0,197,0.2,1.0
11.1,43.3,45.5,0,189,0.47,1.0
9.9,43.3,45.4,0,197,0.55,1.0
10.4,42.8,45.5,1,199,0.36,1.4
8.1,40.6,45.4,1,192,0.5,1.1
12.2,41.3,45.5,0,190,0.26,1.1
12.2,40.9,45.4,1,196,0.7,1.0
13.1,41.2,45.5,1,191,0.66,1.3
10.9,40.3,45.5,1,197,0.65,1.4
5.4,39.5,45.5,0,198,0.2,1.5
8.1,39.4,45.5,1,198,0.28,1.0
6.6,39.4,45.5,1,196,0.05,1.0
6.3,39.3,45.5,0,204,0.05,0.5
8.7,40.4,45.4,1,209,0.05,0.7
12.2,41.2,45.4,0,213,0.1,0.7
14.1,42.0,45.5,0,210,0.27,1.6
10.8,41.3,45.5,0,202,0.32,1.3
8.7,40.8,45.4,0,200,0.24,0.4
13.8,41.5,45.4,0,205,0.45,1.4
14.8,41.0,45.5,2,209,0.85,0.8
13.8,41.0,45.5,0,207,0.67,0.7
14.4,41.2,45.4,0,212,0.72,1.1
11.5,41.7,45.5,1,214,0.69,0.5
12.5,42.2,45.5,1,214,0.62,0.5
13.4,43.6,45.4,1,211,0.88,1.5
9.5,44.1,45.4,0,209,0.64,1.2
7.0,43.8,45.5,0,207,0.78,1.0
10.3,43.8,45.4,0,207,0.58,1.3
2.0,42.1,45.4,1,212,0.48,1.1
4.5,43.2,45.6,1,212,0.21,0.7
5.9,43.5,45.6,0,208,0.24,1.2
9.8,45.0,45.6,0,207,0.28,1.1
6.1,44.1,45.5,0,207,0.28,1.1
11.6,45.2,45.5,0,205,0.64,0.9
10.9,45.7,45.4,0,208,0.41,0.9
13.5,46.6,45.4,1,208,0.58,1.8
16.1,47.4,45.5,0,213,0.82,1.3
18.0,47.9,45.5,0,208,0.97,1.4
18.6,48.4,45.5,0,203,0.51,1.9
20.2,48.6,45.5,0,206,0.86,1.4
15.7,48.3,45.5,0,202,0.69,1.5
19.2,48.7,45.5,0,201,0.56,0.9
18.8,50.4,45.5,0,201,0.76,1.6
17.6,50.3,45.5,0,199,0.8,2.0
17.0,49.6,45.4,0,204,1.32,1.5
17.7,48.7,45.6,1,204,1.05,1.0
17.0,48.1,45.5,0,204,0.99,0.7
18.0,48.5,45.4,0,205,0.91,1.4
12.9,47.2,45.5,1,207,0.35,0.7
17.0,48.7,45.6,0,205,0.77,1.2
13.9,47.9,45.4,0,208,0.27,1.1
9.7,46.4,45.5,0,206,0.18,0.9
8.7,46.0,45.5,0,205,0.19,1.5
11.0,46.1,45.6,2,200,0.34,0.8
20.0,47.8,45.5,1,200,0.46,1.4
18.4,46.9,45.4,0,197,0.67,1.4
19.2,47.0,45.5,0,199,0.75,1.0
18.3,45.7,45.5,0,192,1.0,1.0
19.3,46.0,45.5,0,194,1.1,1.5
17.8,45.7,45.5,0,199,0.53,1.1
14.9,45.1,45.4,0,195,0.68,1.1
20.2,45.7,45.5,0,200,1.33,1.5
17.8,45.2,45.4,1,188,1.0,1.4
17.0,45.2,45.4,0,189,1.14,1.8
13.6,43.6,45.5,0,190,0.86,1.2
10.1,43.5,45.5,1,190,0.27,1.0
13.1,44.1,45.5,1,191,0.58,1.4
8.7,43.6,45.4,0,187,0.54,1.1
10.5,44.9,45.5,0,186,0.94,1.5
10.3,44.2,45.4,0,191,0.67,1.1
9.8,43.5,45.5,1,188,0.52,1.0
12.6,43.6,45.5,0,195,0.72,1.2
16.4,44.5,45.5,1,195,0.32,1.3
13.2,43.3,45.5,0,199,0.2,1.4
15.7,43.4,45.5,0,201,0.32,1.8
12.1,43.8,45.5,0,198,0.28,1.1
19.7,45.2,45.5,1,197,0.9,0.9
23.6,46.3,45.5,0,205,0.9,0.9
22.5,46.8,45.5,0,201,1.26,1.1
23.0,47.8,45.5,1,195,1.19,1.4
18.5,46.1,45.5,0,195,1.44,0.9
20.2,46.7,45.4,0,191,1.43,1.1
19.9,47.2,45.5,0,196,1.17,1.3
18.2,47.6,45.4,0,201,0.87,1.1
18.1,47.2,45.6,0,202,1.13,0.5
11.6,45.7,45.5,0,209,0.59,1.4
11.4,45.8,45.5,1,200,0.26,1.4
9.2,45.4,45.6,0,201,0.05,1.7
20.5,47.5,45.5,0,201,0.62,2.4
19.4,47.0,45.5,0,209,0.65,1.3
17.4,46.6,45.5,0,204,0.3,0.5
16.1,46.2,45.5,1,204,0.61,1.0
12.6,45.7,45.5,1,206,0.2,1.2
12.5,45.3,45.5,0,203,0.33,1.4
10.7,44.4,45.4,1,200,0.35,0.4
8.4,43.8,45.4,0,206,0.55,1.4
11.5,44.3,45.5,0,210,0.97,1.2
11.1,45.0,45.4,1,210,0.81,1.3
12.9,45.1,45.5,0,211,0.43,1.3
13.3,44.0,45.5,0,211,0.38,0.7
20.3,46.8,45.5,1,212,0.75,1.4
16.4,46.8,45.5,0,212,0.58,1.3
17.2,47.4,45.5,1,211,0.62,0.9
18.8,48.1,45.6,0,208,0.75,1.5
14.5,47.2,45.5,0,205,0.66,1.3
16.9,48.8,45.5,1,203,0.93,1.6
15.5,47.8,45.5,1,204,0.63,1.3
12.7,47.7,45.4,0,206,0.55,0.9
14.0,48.5,45.5,0,205,1.11,1.2
17.3,50.6,45.5,0,211,1.33,1.3
15.4,50.1,45.3,0,205,1.38,1.4
17.0,51.4,45.5,1,203,1.39,1.8
20.2,52.2,45.5,1,198,1.42,1.3
15.9,50.7,45.4,0,205,0.95,1.6
19.1,50.7,45.5,2,203,1.4,1.1
14.2,50.4,45.5,0,205,1.08,1.9
11.1,49.1,45.4,0,210,0.78,1.3
13.8,49.4,45.5,1,209,0.94,1.3
10.8,49.8,45.5,0,205,0.46,1.1
9.5,49.0,45.5,1,205,0.42,1.9
11.6,49.8,45.5,1,201,0.42,0.8
15.6,51.7,45.5,0,201,0.77,1.8
15.3,52.6,45.6,0,200,0.32,1.7
13.6,52.7,45.5,0,199,0.33,1.0
11.0,51.6,45.5,0,202,0.18,1.5
12.6,53.0,45.5,0,198,0.05,1.2
7.6,52.2,45.5,0,207,0.14,1.4
2.7,51.2,45.5,1,206,0.24,1.3
3.5,50.6,45.5,1,206,0.05,1.7
6.1,49.8,45.5,0,204,0.05,1.6
10.3,50.8,45.6,0,207,0.05,1.7
11.9,50.9,45.5,0,210,0.21,1.1
10.5,49.5,45.5,0,210,0.05,1.4
5.7,49.1,45.5,0,206,0.05,0.9
7.9,49.7,45.5,1,208,0.05,1.4
3.7,48.4,45.5,0,207,0.05,1.0
10.9,49.6,45.5,0,210,0.24,1.2
5.3,48.8,45.5,0,216,0.05,0.6
6.6,49.4,45.5,1,211,0.05,1.2
10.4,49.6,45.4,1,212,0.05,1.2
14.3,50.9,45.5,1,210,0.08,1.1
15.8,51.1,45.5,0,211,0.6,1.5
15.2,50.3,45.4,0,207,0.54,1.2
14.6,50.1,45.5,1,216,0.34,1.4
11.1,49.5,45.5,1,215,0.35,1.4
14.0,50.8,45.5,1,214,0.28,1.2
20.4,52.5,45.5,0,209,0.47,1.5
16.5,50.3,45.5,0,215,0.34,1.2
22.3,50.7,45.5,0,214,0.54,1.1
21.8,51.1,45.4,2,215,0.78,1.3
18.2,50.6,45.6,0,210,0.28,1.4
20.1,50.4,45.4,1,210,0.48,1.5
17.5,49.6,45.5,1,207,0.41,1.8
18.6,50.8,45.6,0,208,0.44,1.8
23.5,50.4,45.5,0,206,0.92,1.3
25.1,51.5,45.6,0,210,0.96,1.9
25.2,52.2,45.5,0,208,0.82,1.7
24.3,51.6,45.5,1,210,1.03,1.3
19.8,50.6,45.4,0,207,0.67,1.2
19.7,50.8,45.5,0,209,0.8,1.8
22.4,51.4,45.5,0,209,0.68,1.4
19.5,51.1,45.5,1,210,0.5,1.8
22.7,52.5,45.5,2,206,0.52,2.3
20.7,51.7,45.5,0,213,0.8,1.2
23.4,52.2,45.5,0,211,0.69,1.6
23.0,52.4,45.6,0,212,0.78,1.9
21.7,51.9,45.6,0,208,0.39,1.4
22.3,52.0,45.5,0,209,0.52,1.1
24.2,53.3,45.6,1,209,0.38,1.9
21.4,51.4,45.5,1,211,0.65,1.8
22.4,51.8,45.5,0,215,0.51,1.8
20.6,51.2,45.5,0,214,0.65,1.2
21.6,50.7,45.6,0,208,0.17,1.2
17.2,49.7,45.4,1,208,0.05,1.4
10.2,48.6,45.5,1,206,0.05,1.2
13.1,49.7,45.5,1,201,0.11,1.5
12.7,49.2,45.5,0,205,0.05,1.7
14.6,49.9,45.5,0,197,0.07,1.4
16.5,51.2,45.5,0,206,0.18,1.5
13.3,50.7,45.5,1,200,0.05,1.9
15.1,51.5,45.5,0,207,0.16,1.4
16.8,52.1,45.5,0,207,0.46,0.7
14.8,52.1,45.5,1,209,0.42,1.4
10.9,50.7,45.6,0,211,0.37,1.9
17.9,52.8,45.5,1,205,0.77,1.8
12.6,52.0,45.5,0,201,0.68,1.7
11.6,52.9,45.5,0,198,0.22,1.3
8.3,52.7,45.5,1,203,0.31,1.5
12.0,52.9,45.5,0,201,0.51,1.4
12.1,53.5,45.5,1,204,0.26,1.4
10.3,54.0,45.5,0,199,0.36,1.7
8.3,54.1,45.5,0,201,0.05,1.3
8.3,53.9,45.5,0,198,0.05,2.0
9.3,53.8,45.4,0,199,0.11,1.4
13.9,55.4,45.5,0,203,0.5,1.9
14.8,55.1,45.5,0,208,0.33,2.1
15.7,55.7,45.6,0,207,0.23,1.1
16.2,55.8,45.6,0,205,0.28,1.5
11.4,54.4,45.4,0,202,0.1,1.5
18.7,55.6,45.5,0,208,0.35,1.0
19.2,55.3,45.5,0,211,0.34,1.8
20.0,55.7,45.4,0,206,0.69,1.7
16.5,54.6,45.5,0,215,0.5,1.9
16.7,54.5,45.5,0,215,0.45,1.5
19.6,54.9,45.5,0,209,0.36,1.8
20.8,55.3,45.4,0,211,0.91,1.3
15.0,54.7,45.6,0,214,0.99,1.7
15.0,53.8,45.5,1,207,1.01,1.0
14.8,54.0,45.5,0,206,1.38,1.7
16.8,53.9,45.4,0,208,0.96,1.5
15.9,53.6,45.5,1,204,0.86,1.8
14.9,53.3,45.6,1,203,0.78,2.4
19.9,55.2,45.6,0,209,1.13,1.7
18.3,55.7,45.6,0,207,0.76,1.8
18.3,55.5,45.5,0,204,0.86,1.8
13.8,54.4,45.5,0,207,0.42,1.7
17.1,55.9,45.5,0,205,0.42,1.4
14.7,55.7,45.6,0,199,0.6,1.5
17.4,57.3,45.5,0,203,0.69,1.1
10.5,55.4,45.5,0,201,0.41,1.5
15.6,57.0,45.6,0,196,0.5,2.2
12.2,55.9,45.5,0,202,0.55,1.5
11.2,53.9,45.6,0,202,0.62,1.2
11.0,54.3,45.5,0,205,0.5,1.8
9.7,53.4,45.6,1,208,0.4,1.9
10.1,53.9,45.7,1,207,0.66,1.6
13.0,54.2,45.5,1,207,0.67,1.6
12.8,54.9,45.5,0,206,0.65,2.0
11.1,53.7,45.5,0,197,0.32,1.1
11.1,52.7,45.5,0,197,0.49,2.1
14.6,54.2,45.5,0,202,0.64,1.4
18.2,55.6,45.6,0,203,0.98,1.7
20.5,56.1,45.6,0,200,1.08,1.1
14.5,53.8,45.5,0,200,0.54,1.8
18.3,55.1,45.6,0,205,0.78,1.9
17.7,56.4,45.5,0,207,1.01,1.9
12.7,55.1,45.6,0,210,0.79,1.7
19.5,56.2,45.5,0,204,1.16,2.1
22.3,56.2,45.6,2,203,1.14,1.7
21.5,56.2,45.5,0,200,1.33,2.0
20.8,56.0,45.4,2,195,1.35,1.6
18.7,54.6,45.5,0,200,1.25,1.7
16.5,53.7,45.5,0,198,0.78,2.1
16.7,54.2,45.5,0,203,0.73,1.4
19.5,54.1,45.6,0,202,0.84,1.6
17.9,53.9,45.6,0,196,0.71,1.2
15.4,54.0,45.6,0,199,0.19,1.6
16.2,54.6,45.6,0,200,0.42,1.6
14.4,53.1,45.6,0,199,0.46,1.5
19.1,54.3,45.5,0,200,0.62,1.6
15.7,53.0,45.4,0,203,0.64,1.7
17.1,52.0,45.6,0,212,0.74,1.4
17.1,52.2,45.5,0,205,0.78,1.8
19.5,51.7,45.5,0,210,0.43,1.5
15.7,50.8,45.6,0,210,0.39,1.2
28.7,54.1,45.6,1,210,0.77,1.9
25.8,53.9,45.5,0,209,0.77,1.7
21.0,52.8,45.6,2,208,0.86,1.5
19.4,53.1,45.5,0,202,0.6,1.0
21.2,53.5,45.6,1,208,0.82,1.4
17.7,53.2,45.5,0,212,0.58,1.6
19.9,54.3,45.5,0,216,0.52,1.7
19.5,53.6,45.5,0,212,0.19,0.9
20.1,54.7,45.5,1,218,0.28,1.2
22.7,55.1,45.4,0,221,0.33,2.1
22.2,54.9,45.5,0,220,0.28,1.5
21.3,54.8,45.5,0,225,0.59,1.9
14.0,53.1,45.6,1,224,0.33,1.6
17.3,53.5,45.5,0,218,0.2,1.3
17.6,53.8,45.5,0,227,0.36,1.2
24.3,54.8,45.5,1,220,0.46,1.6
25.3,55.2,45.5,1,222,0.7,1.9
17.7,54.1,45.4,0,219,0.19,1.6
23.8,54.9,45.5,1,223,0.3,1.1
19.8,53.9,45.6,0,218,0.11,1.3
18.3,53.9,45.6,0,216,0.44,1.5
20.5,54.2,45.5,0,211,0.67,1.7
22.0,54.9,45.6,0,216,1.17,1.9
22.6,54.9,45.6,1,212,1.01,2.3
17.8,53.7,45.5,1,208,0.7,1.1
20.2,54.0,45.6,0,208,0.85,1.9
23.1,54.8,45.6,0,210,0.83,1.8
25.7,55.9,45.5,0,209,1.04,2.0
23.9,54.5,45.5,0,206,1.05,1.6
21.4,53.7,45.5,0,208,1.12,0.9
20.9,53.3,45.5,0,206,0.63,1.4
20.7,52.8,45.6,0,202,0.8,2.0
19.2,52.2,45.5,1,200,0.57,1.6
20.7,53.2,45.6,0,201,0.94,1.1
21.1,53.9,45.6,1,201,0.69,1.9
19.5,53.2,45.5,0,200,0.59,1.7
16.7,51.7,45.5,0,198,0.83,1.1
17.9,52.2,45.5,0,197,0.42,1.4
23.0,53.5,45.6,1,197,0.86,1.4
20.2,52.2,45.6,0,197,0.67,1.4
21.3,52.6,45.6,0,195,0.67,1.3
16.0,51.8,45.5,0,203,0.13,1.0
13.8,51.7,45.6,0,202,0.05,1.6
12.4,51.1,45.5,0,207,0.2,1.8
13.0,51.6,45.5,0,204,0.17,1.4
15.1,51.9,45.5,1,213,0.37,1.7
17.7,52.9,45.7,0,212,0.41,1.0
13.3,52.2,45.6,0,212,0.05,1.0
19.2,53.7,45.6,0,214,0.36,1.4
16.2,53.1,45.6,0,204,0.6,1.6
21.3,53.9,45.5,0,204,0.62,1.6
20.7,53.9,45.5,0,202,1.16,2.1
23.8,55.0,45.6,0,199,1.83,1.8
22.0,54.4,45.6,0,199,1.24,1.4
22.2,54.6,45.5,0,214,1.07,1.8
22.6,56.2,45.5,0,201,1.22,1.8
20.6,55.3,45.6,0,202,0.93,1.8
24.5,55.3,45.6,0,196,1.12,2.1
22.5,54.3,45.6,0,202,0.83,1.6
24.5,54.5,45.6,0,206,0.8,1.8
25.2,54.6,45.7,1,204,0.91,2.1
26.1,53.4,45.6,0,206,0.89,1.7
24.8,52.0,45.5,1,210,0.85,1.7
34.2,54.4,45.5,1,214,0.98,1.8
31.7,53.1,45.6,0,217,1.21,1.7
29.0,53.0,45.6,1,216,1.56,1.2
28.9,53.7,45.5,0,210,1.33,1.2
31.3,52.4,45.5,2,215,1.51,0.8
27.8,52.1,45.6,0,214,1.34,1.4
25.2,51.6,45.5,0,214,1.14,1.3
19.6,50.4,45.4,1,211,0.87,1.3
16.7,50.1,45.5,0,210,0.84,1.4
15.3,49.8,45.5,0,210,0.42,1.6
18.6,50.8,45.6,0,210,0.78,1.3
19.7,52.2,45.5,0,204,0.99,1.6
20.1,52.5,45.5,0,202,0.76,1.1
23.6,52.5,45.6,0,210,0.83,1.2
24.6,53.5,45.5,0,213,1.17,2.0
27.4,54.8,45.5,0,211,1.4,1.8
30.9,56.3,45.6,0,213,1.16,1.4
29.0,56.1,45.5,1,211,1.17,1.9
26.3,56.1,45.5,0,220,0.96,1.4
27.4,57.5,45.5,0,219,1.06,1.7
29.4,57.8,45.5,1,218,1.17,1.5
25.2,56.5,45.6,1,226,0.74,1.5
29.6,58.3,45.6,0,216,1.23,1.9
36.2,59.3,45.6,1,217,1.76,1.8
34.5,59.6,45.5,1,216,1.42,1.7
28.0,57.9,45.7,0,208,1.24,1.8
24.8,57.0,45.5,0,209,1.23,1.9
25.8,57.3,45.5,0,205,1.18,2.0
26.0,57.5,45.4,0,204,1.19,1.7
21.7,56.1,45.6,0,206,1.34,2.0
27.6,58.2,45.6,1,205,1.51,1.7
31.7,58.7,45.7,0,211,1.54,1.8
28.8,58.5,45.5,0,208,1.19,1.8
25.4,57.3,45.5,1,205,1.34,1.7
26.8,57.1,45.4,0,208,1.23,1.7
28.1,57.0,45.4,1,210,1.2,1.5
28.4,57.2,45.6,0,208,1.43,1.9
30.6,57.7,45.5,0,208,1.54,1.7
28.5,57.4,45.6,0,212,1.84,1.5
23.4,56.3,45.5,2,213,1.47,2.0
25.3,57.2,45.6,0,217,1.26,2.0
28.2,58.3,45.6,0,210,1.23,2.1
24.0,57.2,45.5,0,216,0.78,2.0
29.0,58.2,45.6,0,218,1.16,1.7
26.4,58.0,45.6,0,223,0.79,1.8
24.3,57.9,45.6,0,217,0.73,1.9
26.2,58.6,45.6,1,223,0.62,2.1
22.6,57.6,45.6,0,222,0.52,1.8
20.5,56.9,45.6,1,220,0.24,1.6
23.7,57.6,45.6,0,215,0.92,1.6
24.4,57.9,45.7,1,215,1.02,2.2
20.2,56.4,45.5,0,211,0.74,2.0
23.1,56.4,45.6,0,209,0.91,2.0
21.5,55.8,45.5,0,213,0.84,1.0
25.9,56.7,45.6,1,215,1.3,1.9
28.4,56.8,45.5,0,216,1.27,1.6
24.6,55.8,45.5,0,214,1.01,1.5
18.3,54.1,45.6,0,211,0.81,1.0
21.5,55.0,45.5,0,214,1.21,1.3
23.0,54.1,45.6,1,208,1.19,2.0
17.2,53.0,45.5,0,205,1.12,1.8
15.8,52.4,45.6,1,212,1.13,1.8
15.8,52.4,45.5,2,211,1.17,1.4
13.7,52.1,45.5,0,213,0.81,1.8
15.8,50.8,45.6,1,218,1.23,1.8
17.6,51.9,45.6,1,218,1.05,1.8
25.6,54.0,45.6,1,224,1.37,1.4
27.5,55.3,45.6,1,218,1.25,1.5
26.6,55.6,45.6,0,214,1.1,1.7
26.6,56.1,45.5,0,212,1.06,1.8
25.4,56.2,45.6,0,216,1.09,1.2
25.6,57.2,45.6,0,217,1.26,2.0
28.7,57.0,45.6,0,215,1.38,1.5
31.8,57.6,45.6,1,214,1.19,1.7
23.3,55.3,45.6,1,208,1.08,1.9
20.5,55.3,45.5,0,211,1.08,1.8
23.1,55.9,45.6,0,213,1.08,2.3
20.4,56.4,45.5,0,213,1.08,1.8
27.2,57.8,45.6,0,210,1.38,1.8
23.6,56.9,45.6,1,218,0.96,1.2
26.1,57.3,45.5,0,220,1.43,1.4
24.3,56.5,45.6,0,219,1.45,1.9
25.8,55.6,45.5,0,214,1.26,1.9
26.3,55.7,45.6,2,214,1.27,1.9
28.7,55.9,45.6,0,218,1.65,1.7
26.2,55.2,45.5,1,223,1.22,1.2
20.2,53.3,45.6,0,216,0.87,0.9
20.4,53.4,45.6,0,219,0.9,1.3
24.7,53.7,45.6,0,218,1.15,1.4
26.3,54.2,45.5,0,217,1.17,1.8
23.4,53.6,45.6,1,221,1.01,2.0
20.5,52.8,45.5,0,216,0.91,1.9
25.2,52.9,45.5,0,216,1.36,1.1
23.5,52.8,45.6,0,218,0.98,1.1
25.0,53.7,45.6,0,213,1.39,1.2
24.5,53.5,45.6,0,212,1.06,1.6
23.8,53.1,45.6,0,216,0.95,1.7
24.2,53.6,45.6,0,218,0.96,1.5
23.2,53.9,45.7,0,216,0.59,1.7
25.8,54.2,45.6,0,219,1.06,1.9
28.7,56.4,45.5,0,220,1.13,1.8
30.2,57.5,45.5,0,223,1.51,2.1
29.6,58.2,45.5,1,222,1.25,2.1
30.8,58.7,45.6,1,220,1.43,1.8
28.3,58.4,45.5,0,222,1.02,2.0
27.6,57.7,45.6,1,221,0.97,1.5
29.4,57.8,45.6,1,232,1.18,1.9
26.8,57.3,45.6,0,232,1.29,1.6
29.7,58.3,45.6,0,230,1.26,2.3
28.2,57.7,45.6,0,229,1.04,2.1
25.4,56.6,45.6,3,224,0.86,0.8
26.6,57.5,45.7,1,233,1.1,2.0
23.5,57.0,45.6,0,236,0.94,1.9
26.8,58.2,45.6,0,229,1.39,2.0
26.6,58.2,45.6,0,232,1.09,1.2
31.1,58.7,45.6,0,231,1.18,2.2
33.6,59.1,45.6,0,222,1.25,2.0
34.0,57.7,45.7,0,221,1.22,1.6
30.1,57.5,45.6,0,220,1.2,2.1
29.0,57.6,45.6,0,215,0.89,1.9
29.8,58.5,45.5,1,218,0.95,2.1
31.7,58.7,45.7,0,215,0.82,1.5
35.1,60.5,45.5,1,213,0.93,1.5
30.3,60.3,45.6,0,209,0.82,2.0
30.9,59.3,45.6,1,208,0.77,1.6
31.2,58.3,45.6,1,210,0.73,1.8
39.8,60.1,45.5,0,214,1.33,1.5
35.9,58.5,45.6,0,214,0.88,1.3
36.9,58.6,45.6,1,212,1.26,1.9
31.3,57.4,45.5,0,213,1.41,1.2
28.8,56.7,45.6,1,211,0.91,1.9
26.0,57.0,45.5,0,213,0.82,1.7
24.6,57.1,45.6,1,213,0.91,1.8
20.7,56.7,45.5,0,216,0.93,1.7
19.7,56.6,45.6,0,216,1.02,2.1
21.9,58.8,45.6,0,215,1.02,2.3
23.6,59.8,45.6,0,217,0.9,1.8
26.9,60.0,45.6,0,211,0.99,2.1
25.0,59.9,45.7,0,212,0.74,2.4
28.4,60.0,45.7,1,208,0.71,2.2
33.9,61.0,45.6,0,211,1.26,1.8
27.7,59.6,45.6,1,213,0.92,2.0
26.9,58.6,45.6,1,211,0.96,1.8
25.1,57.1,45.6,1,214,0.9,1.5
20.6,55.5,45.6,0,210,0.96,1.6
23.2,56.3,45.6,0,212,0.8,1.6
24.5,54.9,45.6,1,212,0.61,1.5
28.1,56.0,45.6,0,220,1.09,2.2
35.6,56.3,45.6,1,221,1.55,1.6
34.4,55.6,45.5,0,219,1.32,1.6
33.8,55.2,45.6,0,216,1.63,2.0
30.3,55.0,45.6,1,225,1.47,1.4
31.1,55.2,45.6,0,225,1.38,1.7
32.1,54.8,45.6,0,221,1.22,1.6
30.6,54.2,45.6,0,223,1.32,1.4
31.9,54.7,45.5,0,228,1.2,1.7
30.2,55.1,45.6,0,230,1.54,2.2
33.5,55.9,45.6,0,226,1.66,1.2
38.7,56.9,45.5,0,222,1.46,1.5
38.9,56.9,45.7,0,213,1.8,1.0
36.0,57.3,45.6,0,224,1.63,1.7
34.3,56.5,45.5,0,224,1.71,1.1
30.0,55.4,45.6,0,218,1.64,1.4
27.5,55.1,45.6,1,215,1.53,1.7
25.4,55.5,45.6,1,220,1.04,2.5
17.6,52.9,45.6,2,217,1.06,1.9
21.8,54.4,45.6,0,216,1.23,1.8
19.6,54.6,45.6,0,217,0.96,1.9
26.3,56.2,45.6,0,220,1.15,1.4
29.1,55.6,45.7,2,223,1.17,1.8
31.1,55.6,45.6,1,223,1.31,1.9
29.0,55.1,45.7,1,220,1.1,1.3
25.0,54.5,45.7,1,220,1.01,2.0
25.6,54.0,45.6,0,218,0.92,1.3
23.4,53.4,45.6,0,217,0.78,1.7
22.2,53.7,45.6,0,223,0.46,1.4
21.1,53.1,45.7,0,221,0.29,0.9
22.7,53.3,45.5,0,223,0.58,1.1
21.8,52.9,45.7,0,222,0.85,1.8
21.5,52.1,45.6,2,225,0.91,1.5
21.7,52.0,45.6,0,224,0.82,1.8
24.1,52.4,45.6,0,229,0.68,1.4
25.5,53.2,45.6,0,228,0.52,1.5
26.8,53.0,45.6,0,228,0.87,1.0
21.5,51.3,45.6,0,224,0.72,1.4
29.4,52.6,45.7,0,230,1.23,1.2
28.6,52.0,45.6,0,223,1.34,1.5
23.9,51.5,45.7,0,222,1.01,1.5
29.1,52.3,45.6,1,222,1.17,1.4
28.5,51.4,45.5,0,226,0.94,2.0
32.3,52.6,45.6,1,227,1.32,1.6
25.7,51.3,45.6,2,229,1.06,1.2
23.0,51.0,45.6,0,229,1.09,1.6
22.3,51.2,45.5,0,227,0.87,1.5
24.8,52.4,45.5,0,226,0.97,1.3
25.6,52.1,45.6,0,224,0.86,1.2
23.6,52.2,45.6,2,225,1.08,1.5
23.2,52.2,45.6,0,226,0.84,1.0
23.0,52.3,45.7,0,222,0.83,1.3
24.8,52.6,45.6,0,227,1.04,1.6
25.7,52.6,45.6,0,221,0.76,2.0
27.6,53.2,45.6,0,222,0.84,1.8
32.3,54.2,45.5,0,226,0.93,1.9
30.4,54.3,45.6,0,220,1.15,0.9
37.9,56.8,45.6,1,216,1.51,2.1
29.0,54.5,45.6,0,214,1.15,1.6
28.4,55.6,45.7,0,221,1.16,1.5
27.9,56.1,45.6,1,215,1.31,1.7
33.2,56.5,45.7,0,217,1.26,1.2
30.2,55.9,45.6,1,217,0.94,2.0
28.5,55.6,45.6,0,212,1.27,1.6
22.3,55.0,45.6,0,211,0.87,1.2
20.9,54.2,45.6,1,211,0.84,1.1
21.0,55.3,45.5,1,212,0.81,1.3
23.4,55.1,45.6,0,207,0.77,1.7
24.9,55.2,45.6,0,211,0.86,0.9
32.2,56.3,45.7,0,212,1.28,2.4
32.6,55.7,45.6,1,210,1.28,1.4
34.9,55.5,45.7,0,216,1.42,1.9
37.8,55.8,45.7,1,214,1.73,1.2
37.6,55.7,45.6,0,221,1.74,1.8
37.8,55.4,45.6,0,220,1.55,1.7
32.9,54.0,45.6,0,218,1.2,1.7
32.9,52.5,45.6,1,212,1.5,1.8
33.6,52.6,45.7,0,217,1.56,1.7
38.5,54.8,45.6,0,211,1.37,0.8
40.0,56.2,45.7,0,213,1.55,1.9
42.4,57.4,45.7,1,220,1.44,1.5
37.1,56.2,45.5,0,214,1.21,1.4
37.6,56.6,45.5,0,220,1.68,1.9
37.7,56.4,45.6,1,222,1.5,2.4
39.0,56.4,45.6,0,223,1.51,2.1
30.6,54.9,45.6,1,224,1.4,1.3
29.9,55.4,45.7,0,228,1.18,1.6
26.4,54.5,45.6,0,220,1.12,1.7
25.4,53.9,45.6,0,226,1.3,1.2
30.1,54.9,45.6,0,222,1.38,2.1
30.0,54.0,45.7,0,221,1.27,1.8
28.3,54.3,45.6,0,226,1.28,1.9
31.7,55.6,45.6,0,228,1.58,1.6
29.6,55.9,45.6,0,231,1.37,1.4
27.0,55.9,45.7,1,226,1.41,1.8
24.2,55.0,45.7,1,228,1.14,1.9
26.5,55.4,45.6,0,227,1.14,1.0
29.2,55.4,45.6,1,231,0.99,1.7
26.0,55.0,45.6,0,233,1.0,1.5
28.7,56.8,45.6,1,237,1.17,2.4
33.0,57.1,45.6,0,230,1.05,1.8
30.6,57.1,45.6,0,228,0.9,1.2
34.3,58.6,45.6,0,232,0.8,1.9
30.5,57.3,45.6,0,231,0.79,1.8
33.4,59.1,45.6,0,238,1.07,2.0
35.2,59.1,45.7,0,232,1.24,1.9
36.4,59.2,45.7,0,229,1.34,2.0
35.9,59.4,45.7,0,227,1.25,1.4
38.1,60.4,45.6,0,224,1.66,1.9
35.5,60.3,45.7,1,223,1.12,2.3
36.9,60.4,45.7,0,232,1.12,2.0
39.8,60.6,45.7,0,230,1.66,1.8
40.2,59.2,45.7,0,222,1.29,1.8
37.4,58.4,45.7,0,229,1.45,1.7
41.8,60.0,45.7,0,233,1.43,2.1
41.0,59.4,45.6,1,231,1.48,2.5
38.9,59.4,45.6,2,231,1.73,1.9
39.6,59.9,45.6,0,229,1.35,2.0
31.1,58.3,45.7,1,226,1.32,1.6
28.0,57.4,45.6,0,224,1.32,1.8
30.7,57.6,45.6,0,226,1.59,1.9
29.7,57.4,45.7,1,224,1.34,1.4
32.7,56.9,45.7,1,222,1.21,1.4
33.7,58.0,45.6,1,227,1.17,1.6
39.0,58.4,45.6,0,231,1.29,1.6
39.1,58.1,45.5,0,231,1.45,1.7
36.3,57.2,45.6,0,223,1.33,1.7
38.2,57.4,45.6,0,223,1.2,1.9
35.9,57.2,45.6,0,218,1.39,2.3
34.0,57.6,45.7,0,216,1.53,2.0
31.9,57.4,45.6,1,214,1.42,1.8
32.1,58.4,45.6,0,217,1.63,1.7
31.9,58.1,45.6,0,219,1.54,2.1
35.1,59.1,45.7,0,225,1.62,1.9
26.1,57.8,45.6,0,221,1.39,1.7
30.8,58.8,45.6,1,222,1.31,1.4
29.5,59.0,45.6,0,220,1.26,2.0
28.7,58.2,45.6,0,224,1.33,2.0
29.4,59.1,45.7,0,227,1.5,2.0
27.5,59.2,45.7,1,222,1.53,1.9
27.8,59.3,45.6,0,219,1.19,1.5
28.8,59.3,45.7,1,212,1.16,1.9
32.0,60.4,45.6,0,208,1.53,1.8
33.5,60.0,45.7,0,209,1.73,1.9
29.5,59.6,45.6,1,208,1.49,1.6
32.2,60.7,45.7,0,210,1.39,1.9
32.2,62.1,45.6,0,212,1.07,2.4
35.7,62.7,45.7,1,217,1.54,1.8
36.9,63.7,45.7,2,221,1.23,2.1
36.8,64.0,45.6,0,222,1.33,2.2
33.9,62.3,45.6,0,220,1.39,2.1
36.4,62.0,45.7,0,218,1.48,1.7
40.3,62.4,45.6,0,219,1.85,1.9
41.6,63.3,45.6,1,222,1.67,2.0
32.4,62.3,45.6,0,219,1.42,1.4
33.8,62.3,45.6,1,222,1.19,2.3
34.0,62.6,45.6,1,229,1.17,2.5
33.2,62.5,45.7,0,225,1.16,2.1
28.2,59.9,45.6,0,226,1.07,2.1
33.8,61.6,45.7,0,228,1.09,2.3
32.7,62.2,45.7,0,230,1.09,2.3
32.8,60.8,45.6,0,225,1.11,2.3
33.0,60.3,45.6,0,223,1.06,1.5
34.1,60.4,45.6,0,225,1.07,1.5
28.0,59.1,45.7,1,230,0.74,1.5
34.8,61.1,45.6,0,228,1.01,2.0
33.4,61.4,45.6,0,229,0.96,2.1
30.9,60.6,45.6,0,237,0.69,2.0
33.2,61.4,45.7,2,235,0.88,2.0
33.8,61.1,45.6,0,240,0.87,2.0
36.7,61.4,45.6,0,244,1.08,1.7
29.6,60.1,45.6,0,240,0.97,1.9
34.1,61.3,45.6,0,241,1.27,1.9
30.1,60.0,45.7,0,237,0.98,2.2
32.4,61.6,45.7,1,235,1.05,1.9
32.0,61.6,45.6,0,233,1.15,1.2
36.8,62.5,45.7,0,229,1.12,1.7
35.8,62.7,45.7,0,229,0.9,2.1
29.8,61.0,45.6,0,225,0.75,1.3
29.8,61.2,45.7,0,230,0.91,1.3
32.2,60.1,45.7,0,233,0.93,2.2
30.4,58.7,45.7,0,233,0.78,1.8
28.7,58.1,45.7,1,234,1.04,1.8
32.2,58.5,45.6,0,235,1.05,1.7
32.3,58.3,45.6,0,232,1.11,1.6
35.2,58.5,45.6,0,236,1.24,1.9
37.1,59.3,45.6,0,235,1.48,2.1
32.9,59.2,45.7,0,234,1.56,1.7
28.3,57.9,45.7,1,227,1.09,1.3
29.9,58.9,45.6,0,230,1.19,1.9
29.0,58.9,45.7,0,232,1.28,2.0
29.9,58.3,45.6,0,227,1.24,1.4
23.3,56.2,45.7,0,227,1.14,2.1
25.6,56.7,45.7,0,222,1.18,1.9
23.8,57.0,45.7,1,221,1.16,2.3
23.5,56.4,45.6,0,230,0.75,1.6
22.9,55.0,45.7,0,229,0.83,1.3
27.6,56.5,45.7,0,228,1.16,1.8
30.5,57.8,45.7,0,225,1.2,2.2
28.6,57.3,45.6,0,229,1.18,1.6
30.3,58.3,45.7,0,229,1.2,1.6
34.5,60.4,45.8,0,218,1.53,1.8
36.9,60.3,45.6,0,223,1.67,1.8
35.2,59.7,45.8,0,221,1.57,1.7
29.0,58.2,45.6,0,214,1.35,1.4
27.9,58.7,45.7,1,220,1.15,2.2
24.9,57.5,45.7,0,225,1.04,1.4
26.2,57.6,45.7,0,223,0.84,1.3
24.1,57.9,45.6,1,229,0.99,1.2
20.7,57.8,45.7,0,219,0.99,1.9
22.8,58.9,45.6,2,220,1.2,1.5
20.7,57.8,45.7,1,223,0.37,1.8
15.9,57.1,45.7,0,222,0.5,1.6
17.7,57.1,45.7,0,223,0.55,1.6
20.5,58.2,45.6,2,224,0.53,1.9
28.9,60.1,45.6,0,223,0.66,2.0
27.6,60.3,45.6,0,224,1.0,2.2
32.9,61.2,45.8,0,225,0.79,2.8
35.1,61.6,45.7,0,227,1.06,2.1
35.6,61.9,45.6,0,228,0.83,2.2
38.1,62.3,45.7,1,232,1.27,2.2
40.8,62.9,45.7,1,232,1.44,2.3
42.5,62.6,45.7,0,231,1.53,1.8
38.2,61.1,45.6,0,227,1.41,2.3
37.2,59.8,45.7,1,228,1.1,2.1
30.2,58.3,45.6,0,229,0.64,1.4
32.1,59.2,45.7,0,230,0.83,2.0
25.2,58.1,45.7,1,235,0.82,1.6
27.9,57.4,45.7,0,231,0.89,1.8
28.5,57.8,45.7,0,230,0.85,1.8
29.3,58.0,45.7,0,228,1.06,1.8
36.0,59.2,45.6,0,226,1.54,2.5
31.4,58.4,45.6,0,222,1.41,1.9
35.1,59.5,45.7,0,216,1.37,2.1
31.7,59.7,45.7,1,221,1.47,2.2
32.4,60.5,45.7,0,218,1.28,1.7
34.3,62.0,45.6,1,216,1.61,1.7
36.7,62.8,45.6,1,212,1.73,1.6
38.2,62.7,45.6,0,215,1.68,2.1
40.1,63.8,45.7,2,216,1.76,2.2
38.1,62.6,45.7,0,214,1.57,1.3
37.9,63.0,45.6,0,221,1.47,1.9
39.6,62.7,45.8,1,213,1.85,2.1
39.1,62.2,45.7,0,220,1.64,2.1
39.4,63.0,45.7,1,226,1.72,1.6
41.5,63.0,45.7,1,229,2.02,1.8
42.4,63.8,45.6,0,234,1.88,2.2
35.3,62.7,45.7,0,232,1.79,2.1
39.5,63.4,45.7,0,225,1.83,2.1
36.9,63.2,45.7,0,225,1.81,1.9
39.6,64.0,45.6,0,219,1.86,2.3
37.6,63.7,45.6,0,218,1.61,2.3
36.3,63.0,45.7,1,221,1.56,1.8
36.6,63.5,45.7,0,218,1.56,2.1
35.3,62.9,45.7,0,214,1.14,2.0
34.6,62.7,45.7,0,213,1.1,2.1
34.4,62.9,45.7,0,222,1.23,2.5
37.0,63.3,45.7,0,222,1.41,2.2
38.2,63.6,45.6,0,219,1.66,2.3
36.8,63.4,45.6,0,217,1.03,2.6
36.4,63.4,45.7,1,214,1.16,2.5
35.3,63.2,45.7,0,220,0.85,2.1
34.6,63.8,45.7,0,219,0.61,2.1
36.7,63.9,45.6,0,220,1.11,1.8
34.5,63.1,45.7,0,217,1.12,1.8
30.6,61.5,45.7,0,226,1.12,1.8
31.1,60.2,45.7,0,228,1.13,2.3
26.7,59.7,45.7,0,231,0.88,2.0
26.7,59.9,45.7,0,228,0.87,1.6
27.8,60.9,45.8,1,220,1.07,2.3
20.7,58.6,45.7,0,224,0.42,2.1
22.8,58.5,45.7,0,221,0.72,2.0
27.5,59.1,45.6,1,226,0.81,2.6
25.2,59.8,45.7,0,228,0.28,2.2
25.9,60.4,45.7,1,227,0.42,1.9
22.0,59.5,45.6,1,220,0.05,1.8
22.7,59.6,45.8,0,220,0.16,1.6
21.4,59.4,45.7,0,218,0.19,1.9
25.8,59.6,45.7,0,225,0.48,1.4
30.3,60.6,45.8,2,226,1.11,2.6
27.3,59.3,45.7,0,223,0.94,1.9
27.6,59.4,45.7,0,223,0.91,2.4
30.6,60.4,45.7,0,225,0.99,1.5
31.7,60.7,45.6,0,224,1.17,2.2
31.8,60.3,45.7,0,222,1.17,1.9
30.1,59.8,45.6,1,222,1.39,1.9
34.7,61.1,45.6,0,222,1.73,1.1
31.8,60.2,45.7,0,221,1.69,1.9
33.2,59.6,45.7,0,223,1.41,1.9
32.5,59.3,45.6,0,223,1.21,1.9
27.0,57.8,45.6,0,231,1.24,1.8
25.9,57.5,45.8,0,215,1.16,1.6
30.9,58.5,45.7,0,223,1.09,2.1
33.3,58.7,45.7,0,219,1.39,2.2
28.7,57.6,45.7,0,216,1.25,2.0
29.6,58.3,45.7,1,217,1.59,1.7
27.3,58.1,45.7,0,216,1.15,1.7
22.5,57.7,45.6,0,210,0.81,1.4
26.1,58.4,45.7,0,218,1.15,1.9
30.9,59.1,45.7,1,215,1.54,2.2
36.9,60.5,45.6,0,218,1.78,1.9
33.7,58.9,45.7,0,219,1.5,1.7
37.1,58.9,45.7,0,218,1.29,1.7
37.2,59.4,45.7,0,220,1.45,2.2
36.0,58.8,45.7,0,218,1.45,1.5
34.2,58.1,45.7,0,213,0.94,1.5
32.6,57.1,45.7,1,213,1.01,1.8
35.1,57.9,45.8,0,213,0.92,1.4
41.2,58.4,45.7,0,213,1.28,1.6
35.7,58.0,45.7,0,220,1.1,2.0
31.7,57.3,45.6,0,216,1.02,2.3
34.1,56.7,45.7,0,222,1.2,1.8
34.3,56.5,45.7,0,222,1.1,1.5
27.9,54.6,45.7,1,220,0.96,1.5
25.8,54.6,45.7,0,223,0.81,1.8
25.5,54.8,45.8,1,219,0.78,1.9
26.4,54.7,45.7,1,223,1.02,2.1
26.0,54.3,45.7,0,225,1.06,1.4
26.6,54.7,45.7,0,219,1.16,1.7
30.1,55.0,45.6,1,227,1.3,1.8
29.9,55.8,45.6,0,226,1.41,1.5
26.8,54.7,45.7,0,227,1.05,1.7
29.7,55.5,45.7,0,222,1.21,1.7
29.5,54.4,45.7,1,223,0.93,1.1
31.9,55.1,45.7,0,224,1.39,1.8
30.5,54.5,45.7,0,222,1.69,1.4
36.8,55.9,45.7,0,219,1.53,1.4
37.5,56.7,45.7,0,224,1.81,1.7
32.8,55.7,45.7,0,219,1.7,2.1
28.9,53.4,45.7,1,227,1.31,1.8
29.0,52.3,45.8,0,224,1.66,1.8
33.0,53.2,45.8,0,217,1.57,1.8
31.0,52.3,45.7,0,220,1.81,1.7
31.2,51.7,45.8,0,218,1.64,1.2
26.0,51.3,45.7,0,214,1.22,1.6
31.0,52.3,45.7,0,215,1.13,1.9
34.6,53.6,45.8,0,219,1.28,1.9
29.0,53.1,45.7,2,219,1.18,1.1
30.0,53.1,45.8,0,217,1.21,1.3
28.6,52.9,45.6,0,213,1.31,1.6
26.1,51.7,45.7,0,217,1.26,1.4
23.4,51.5,45.7,0,215,0.99,1.8
28.9,52.6,45.8,1,210,1.35,1.2
29.7,53.7,45.7,0,213,1.24,1.3
32.5,54.7,45.7,0,212,1.41,1.6
35.7,55.3,45.7,0,208,1.45,2.0
33.7,54.5,45.7,1,206,1.22,1.5
32.3,54.1,45.8,1,206,1.12,1.3
32.1,54.0,45.7,1,200,1.3,1.4
31.4,54.4,45.7,0,199,1.45,1.8
35.4,55.8,45.7,1,203,1.6,1.1
30.4,54.0,45.7,0,206,1.28,1.4
25.7,52.5,45.7,0,208,0.93,1.1
30.3,53.6,45.7,0,210,1.06,1.5
33.4,53.5,45.7,0,212,1.16,1.9
27.8,52.4,45.6,0,214,1.25,1.7
24.5,50.7,45.6,0,218,0.88,1.2
23.6,50.3,45.7,0,215,1.07,1.3
28.3,51.1,45.7,0,219,1.21,1.7
27.5,50.7,45.7,0,219,1.12,0.9
31.9,51.3,45.7,1,221,1.13,1.1
32.1,51.7,45.7,1,218,1.11,1.4
32.3,52.3,45.7,0,224,1.16,1.3
27.0,51.7,45.8,1,218,0.94,1.8
31.1,52.3,45.6,0,221,1.21,1.4
29.2,51.8,45.6,1,216,0.72,1.5
28.3,51.3,45.7,0,222,0.99,1.2
30.9,51.4,45.7,0,222,0.87,1.6
32.0,51.6,45.7,0,218,0.92,1.2
29.8,51.1,45.7,2,213,1.08,1.1
31.7,51.3,45.7,3,209,0.94,1.6
28.3,50.9,45.7,2,208,0.98,1.5
32.2,52.2,45.7,0,205,1.42,1.8
29.6,51.3,45.6,0,210,1.66,1.5
30.0,51.3,45.8,0,205,1.29,1.5
27.6,51.2,45.7,0,205,1.24,1.0
27.9,51.4,45.7,0,206,1.25,1.2
25.0,50.3,45.7,1,216,1.19,2.0
28.5,50.4,45.6,0,208,1.22,1.9
28.9,50.9,45.6,1,210,1.14,1.1
34.7,51.5,45.6,0,210,1.74,2.0
33.8,51.6,45.7,0,214,1.52,1.3
31.9,50.7,45.7,0,214,1.09,1.2
34.5,52.3,45.8,0,215,1.41,1.3
36.1,52.1,45.7,0,221,1.39,1.9
32.3,52.4,45.7,1,216,0.97,1.6
29.8,52.4,45.7,0,209,1.45,2.3
28.8,53.0,45.8,0,208,1.1,1.6
30.2,54.0,45.7,0,205,0.99,1.6
32.8,54.8,45.7,0,212,1.13,1.8
31.2,54.4,45.7,0,211,1.17,0.8
32.5,56.0,45.7,0,209,1.36,1.8
30.0,55.3,45.7,0,213,1.37,2.0
26.8,54.7,45.7,0,207,1.55,1.3
29.9,54.5,45.6,0,213,1.47,1.8
34.3,55.4,45.7,0,212,1.63,2.2
33.6,55.6,45.7,0,210,1.54,1.5
37.9,56.1,45.7,0,215,1.42,2.0
36.0,55.8,45.7,0,213,1.36,1.8
35.1,55.4,45.7,1,217,1.51,1.5
32.0,54.6,45.7,0,216,1.36,1.8
35.1,55.6,45.7,0,217,1.48,1.1
31.2,55.3,45.7,0,214,1.15,1.9
27.2,54.0,45.7,0,217,1.01,1.6
27.5,53.1,45.8,0,218,0.96,1.5
29.1,53.7,45.8,1,211,1.16,1.2
21.5,51.6,45.7,0,212,0.83,1.9
21.5,51.3,45.7,0,206,0.69,2.2
24.3,51.4,45.7,0,204,1.21,1.5
23.6,51.9,45.7,1,206,1.0,1.6
24.6,53.4,45.8,0,209,1.1,1.6
20.0,52.1,45.7,0,213,0.52,1.5
27.1,54.8,45.8,1,210,0.91,1.7
29.1,55.3,45.7,1,196,1.35,2.2
33.5,56.0,45.8,0,194,1.22,2.1
23.5,54.6,45.7,0,193,0.7,1.6
27.1,56.4,45.8,0,203,0.95,1.1
30.8,56.9,45.8,0,200,1.14,1.9
30.9,56.7,45.7,2,197,1.21,1.7
28.6,57.3,45.7,0,199,1.2,1.8
26.7,57.3,45.6,0,208,1.13,1.9
29.8,56.3,45.7,1,211,1.34,1.6
27.7,55.7,45.7,2,209,1.2,2.0
27.8,55.2,45.8,0,210,1.53,2.0
25.1,54.3,45.7,0,208,1.17,1.5
21.6,53.6,45.7,2,214,0.97,1.8
21.3,53.3,45.7,0,218,0.79,1.0
27.0,54.1,45.7,1,212,1.05,1.4
30.8,56.1,45.7,0,208,1.1,1.3
33.0,55.5,45.7,1,208,1.05,1.5
29.9,55.0,45.7,0,203,1.2,1.8
31.2,55.6,45.8,0,205,1.15,1.7
30.9,54.6,45.7,0,204,1.31,2.1
30.4,53.8,45.8,2,204,1.47,1.8
34.9,54.1,45.7,0,200,1.85,1.5
28.7,53.3,45.6,0,204,1.4,1.1
29.0,52.8,45.7,0,206,1.23,1.6
26.8,52.6,45.7,1,203,0.82,1.6
25.2,51.6,45.8,0,211,0.43,0.8
28.7,51.6,45.7,0,208,0.87,1.3
19.7,50.1,45.8,2,200,1.26,1.1
23.2,51.3,45.8,2,197,1.14,1.2
26.4,51.1,45.7,2,196,1.15,1.7
29.9,51.3,45.6,2,211,1.19,1.7
32.0,51.9,45.6,0,212,1.48,1.4
36.1,52.2,45.8,0,214,1.49,1.5
34.3,51.2,45.8,0,212,1.82,1.4
33.7,50.5,45.7,0,211,1.61,1.4
36.2,51.2,45.8,0,211,1.75,0.9
35.6,49.6,45.8,0,209,1.75,1.4
33.6,50.3,45.7,0,209,1.61,0.9
31.6,50.9,45.7,0,211,1.2,1.4
31.6,51.7,45.8,0,217,1.26,1.2
31.1,51.5,45.7,0,210,1.03,1.0
30.4,51.0,45.8,0,210,1.18,1.3
34.5,52.1,45.7,0,215,1.34,1.5
30.9,50.8,45.7,0,212,1.59,1.2
29.8,51.9,45.8,0,215,1.48,1.7
30.4,51.6,45.7,0,208,1.42,1.7
32.4,52.8,45.7,2,204,1.4,1.7
29.7,52.7,45.7,0,211,1.48,1.4
30.0,52.5,45.7,0,205,1.45,1.5
30.1,52.4,45.7,0,205,1.23,1.7
25.4,50.9,45.8,1,210,1.09,1.8
26.9,51.3,45.8,1,212,1.26,1.8
25.8,51.4,45.7,1,210,0.83,1.3
22.3,50.7,45.8,0,215,0.52,0.8
28.1,51.7,45.7,1,222,1.27,1.3
30.6,52.2,45.8,0,217,1.19,1.7
27.9,52.4,45.7,0,215,1.31,1.8
25.6,52.5,45.7,1,221,1.26,2.1
26.5,52.9,45.7,1,221,0.93,1.3
26.7,52.6,45.7,0,221,0.84,1.8
28.5,52.6,45.6,0,220,1.28,1.9
22.4,51.7,45.8,1,215,0.85,1.8
27.8,52.5,45.7,0,213,1.28,1.1
28.5,52.2,45.7,0,216,1.33,1.4
28.3,53.0,45.7,0,209,1.18,2.0
21.6,51.7,45.7,0,209,0.76,1.7
21.5,51.8,45.8,0,214,0.65,1.7
24.9,52.1,45.7,0,213,0.7,1.7
19.2,51.1,45.7,0,212,0.6,1.5
19.5,51.6,45.8,1,207,0.94,1.7
22.2,52.3,45.8,0,206,0.47,1.9
18.4,50.6,45.7,0,204,0.68,1.4
23.8,51.4,45.7,0,208,1.02,1.6
15.8,50.1,45.7,0,208,0.42,1.7
17.1,50.4,45.8,1,207,0.61,1.2
16.3,50.8,45.8,1,207,0.6,1.2
19.1,51.2,45.7,0,207,0.91,1.2
20.0,51.3,45.7,0,212,1.09,1.3
17.1,51.2,45.7,1,208,0.91,1.1
19.6,51.6,45.8,0,202,1.14,1.6
21.0,52.4,45.7,0,209,0.99,1.7
17.0,50.5,45.8,0,212,0.78,1.6
18.3,50.2,45.7,0,217,1.07,1.5
20.2,51.0,45.8,0,215,1.34,1.4
27.5,53.0,45.8,0,207,1.3,1.3
24.3,52.7,45.8,0,212,1.14,1.8
21.8,52.7,45.7,0,211,1.19,1.6
24.9,53.8,45.7,0,207,1.2,1.6
24.6,53.0,45.8,1,211,1.09,1.8
29.9,54.9,45.8,0,204,1.47,1.1
30.6,55.5,45.8,1,201,1.09,1.0
29.6,54.5,45.8,0,203,0.99,1.7
28.0,53.4,45.7,0,200,0.77,1.5
24.3,52.8,45.7,0,196,0.48,2.3
25.7,52.6,45.8,0,206,0.71,1.6
24.4,52.6,45.7,0,206,1.12,1.7
25.3,52.5,45.7,0,201,0.9,1.7
26.1,51.8,45.8,0,204,0.93,1.7
23.2,50.6,45.8,0,205,0.94,1.4
20.3,49.8,45.8,0,203,1.2,1.6
23.1,50.3,45.8,1,199,1.03,1.2
24.0,50.9,45.7,1,200,0.96,1.6
23.9,50.5,45.7,0,207,1.05,1.7
23.6,50.7,45.7,0,211,1.1,1.8
26.1,51.0,45.8,1,212,1.05,1.0
22.1,50.1,45.7,0,209,0.89,1.4
26.5,49.6,45.8,1,209,0.98,1.4
26.9,49.4,45.8,2,213,1.21,1.2
31.1,49.4,45.7,1,217,0.99,1.2
32.5,50.1,45.8,0,216,1.38,1.6
33.2,50.9,45.8,0,216,1.59,1.0
28.5,50.2,45.8,0,217,1.51,1.5
30.7,51.8,45.8,0,215,1.23,1.9
31.6,52.1,45.7,0,212,0.89,1.5
35.6,53.4,45.8,0,217,0.9,1.4
34.9,53.0,45.8,1,208,1.09,1.0
35.3,53.3,45.7,0,213,1.29,1.8
30.4,51.6,45.9,0,208,0.91,1.0
26.9,50.7,45.7,0,211,1.03,1.2
24.0,50.7,45.8,0,211,0.54,1.8
23.1,50.5,45.7,0,207,0.69,0.6
20.8,49.8,45.8,1,209,0.76,1.2
14.5,48.4,45.8,0,206,0.48,1.5
13.8,48.6,45.8,0,211,0.68,0.9
16.6,49.9,45.8,1,209,0.63,2.0
18.3,49.3,45.7,0,204,0.71,1.2
16.8,48.9,45.8,0,204,0.48,1.5
21.6,49.8,45.7,0,211,0.59,1.8
20.5,49.4,45.8,0,207,0.62,1.2
24.0,50.0,45.8,1,211,0.73,0.7
25.4,50.6,45.7,1,211,0.94,1.5
24.8,51.1,45.8,1,207,0.8,1.2
26.0,50.3,45.8,0,205,0.58,1.3
24.1,49.2,45.7,1,210,0.76,1.1
22.5,48.9,45.7,0,211,0.45,1.0
26.1,48.8,45.7,1,212,0.6,1.5
26.2,49.0,45.7,0,213,0.53,1.8
25.5,48.4,45.8,0,208,0.49,1.7
26.0,48.4,45.8,1,208,0.75,1.6
27.8,48.1,45.8,0,207,1.1,1.4
26.0,47.2,45.9,0,205,0.89,0.9
26.6,48.9,45.8,0,202,0.78,1.5
28.1,49.1,45.6,0,204,1.44,0.9
28.0,49.9,45.8,0,208,1.39,1.4
27.8,49.8,45.8,0,205,1.34,1.5
30.7,50.7,45.8,0,212,1.27,1.8
32.2,50.5,45.8,0,208,1.69,1.4
31.3,50.6,45.8,1,205,1.35,1.3
28.5,49.7,45.8,0,209,1.27,1.4
22.1,46.7,45.8,0,205,0.94,1.0
22.8,45.3,45.9,0,203,0.82,1.3
25.9,45.8,45.7,0,206,0.81,0.9
26.2,46.3,45.7,0,202,1.08,0.7
19.7,44.6,45.8,0,211,0.93,1.1
18.2,43.7,45.9,0,206,1.17,1.3
18.9,43.5,45.7,1,205,1.23,1.2
15.1,43.8,45.8,0,206,0.92,0.9
23.1,44.4,45.7,0,212,1.31,1.3
24.2,45.0,45.8,1,207,1.35,1.2
28.7,46.6,45.8,1,210,1.73,1.3
25.7,45.2,45.7,0,212,1.54,0.9
28.9,45.4,45.8,0,211,1.17,1.5
27.6,44.9,45.9,0,213,1.19,1.2
29.0,44.9,45.7,0,216,1.02,0.9
24.7,44.6,45.8,0,213,0.91,0.6
27.0,45.2,45.7,0,218,0.97,0.7
24.3,44.4,45.7,1,216,0.96,1.5
27.6,45.3,45.8,0,210,1.15,1.0
23.4,45.2,45.8,1,207,1.08,0.8
20.4,44.4,45.7,0,209,1.09,1.2
20.9,44.1,45.8,0,199,1.07,1.0
23.7,45.2,45.8,0,202,1.19,1.3
23.5,46.2,45.7,2,196,1.0,0.7
22.6,47.0,45.7,0,200,0.84,1.3
20.9,47.1,45.8,0,205,0.65,1.3
23.6,47.5,45.8,0,200,0.98,1.2
20.2,47.4,45.8,0,203,1.27,1.6
20.5,47.7,45.8,0,201,1.32,1.2
20.7,48.1,45.8,0,202,1.31,1.2
17.4,47.5,45.8,1,208,1.09,0.8
18.3,48.2,45.8,1,205,0.76,1.3
24.3,49.9,45.8,1,208,0.99,1.0
27.4,49.8,45.8,0,200,1.21,1.6
24.0,49.5,45.8,0,202,0.99,1.6
21.6,48.4,45.8,0,210,1.16,1.1
22.2,48.6,45.7,0,210,1.41,1.6
16.4,47.4,45.7,0,209,1.19,1.1
22.5,48.9,45.8,0,213,1.58,1.7
21.5,48.4,45.8,2,219,1.51,1.1
22.0,48.3,45.8,0,218,1.45,1.2
21.4,47.9,45.8,0,220,1.3,1.2
20.1,47.3,45.8,2,218,1.32,1.6
20.1,46.5,45.8,0,213,1.27,1.4
18.8,46.6,45.7,0,213,1.57,1.7
13.9,45.3,45.8,0,209,0.88,1.3
17.1,46.2,45.8,0,215,0.9,1.2
16.3,46.0,45.8,1,210,0.78,0.9
22.8,47.6,45.7,0,207,0.98,0.9
18.9,47.2,45.7,0,206,0.69,1.0
16.6,46.0,45.7,0,201,0.84,1.2
15.4,45.7,45.8,0,198,0.65,1.0
16.1,46.0,45.8,0,199,0.51,1.6
16.9,45.8,45.6,0,193,0.73,1.3
17.7,45.6,45.7,0,195,0.91,1.5
20.1,46.4,45.7,1,199,1.26,1.0
15.8,46.3,45.9,0,200,1.16,1.2
17.8,47.1,45.7,1,207,1.13,1.8
17.6,47.5,45.8,0,208,0.85,1.2
15.6,47.2,45.9,0,210,0.5,1.2
13.7,48.0,45.8,0,209,0.55,0.6
18.1,48.9,45.8,0,203,0.82,1.5
18.5,49.5,45.8,1,199,0.75,1.1
15.3,50.9,45.8,1,203,0.6,1.3
15.1,51.0,45.7,1,200,0.49,1.6
13.4,50.6,45.8,0,198,0.36,1.8
9.8,48.9,45.8,0,198,0.36,1.0
11.7,48.2,45.8,0,199,0.48,1.4
12.4,49.6,45.9,0,194,0.88,1.5
12.3,49.6,45.7,0,192,0.87,1.2
8.9,48.3,45.8,0,189,0.91,1.3
11.2,48.4,45.8,0,196,0.91,1.1
15.2,48.6,45.8,0,196,1.08,1.8
15.1,48.5,45.8,0,201,0.95,1.2
14.8,48.1,45.8,1,201,0.89,1.1
11.2,47.7,45.8,0,207,0.53,0.9
16.0,49.5,45.7,0,206,0.96,1.5
18.9,50.3,45.8,0,206,0.91,1.0
23.2,51.2,45.7,0,207,1.18,1.9
22.8,51.1,45.7,1,209,1.12,1.7
21.9,51.7,45.7,1,212,1.08,1.5
18.4,50.1,45.8,0,206,0.71,1.2
26.5,51.1,45.8,0,211,1.08,1.4
21.5,49.8,45.8,0,213,0.76,0.8
23.8,49.5,45.8,0,214,1.03,1.0
21.9,49.5,45.8,1,213,0.78,1.2
23.6,49.6,45.9,0,207,0.66,0.7
20.3,48.3,45.7,1,214,0.56,0.7
21.4,48.9,45.7,1,211,0.81,1.2
21.7,48.9,45.8,0,211,0.45,1.5
16.9,48.2,45.7,0,210,0.28,1.1
20.4,48.9,45.8,1,197,0.57,1.5
18.0,48.1,45.8,0,200,0.5,1.5
13.5,46.5,45.7,0,202,0.08,1.5
12.6,46.6,45.8,0,198,0.48,1.1
15.7,46.7,45.8,0,194,0.63,1.1
14.1,47.0,45.8,1,192,0.34,1.3
19.2,48.2,45.8,0,194,0.55,1.0
19.5,48.3,45.8,0,193,0.44,1.2
18.3,47.5,45.8,0,191,0.53,1.2
13.2,47.5,45.8,1,197,0.63,1.3
8.7,46.4,45.8,0,202,0.46,1.4
9.6,46.9,45.8,0,198,0.4,1.8
10.9,46.8,45.7,0,198,0.68,0.9
11.6,47.6,45.8,0,206,0.7,1.0
12.0,48.0,45.8,2,207,0.34,1.3
16.0,49.4,45.8,1,204,0.56,1.1
15.1,49.6,45.8,0,202,0.72,1.3
17.3,50.0,45.7,0,202,1.11,1.8
16.9,49.3,45.7,0,202,0.64,1.3
17.1,49.4,45.8,1,205,0.68,0.8
16.3,48.8,45.7,0,202,0.22,1.6
21.3,49.6,45.8,0,202,0.82,1.5
16.6,49.7,45.8,0,209,0.8,1.9
8.7,48.6,45.8,0,211,0.46,0.7
4.4,47.9,45.8,0,210,0.36,1.3
13.3,50.1,45.8,0,208,0.7,1.2
16.6,51.2,45.8,0,210,0.79,1.5
12.6,50.5,45.9,1,209,0.5,1.7
15.8,51.1,45.8,0,208,0.29,1.1
16.1,51.2,45.8,0,203,0.46,1.2
18.6,51.9,45.8,1,202,0.38,1.6
15.6,52.5,45.8,0,205,0.07,1.2
14.0,51.5,45.8,1,203,0.09,1.5
13.9,51.4,45.8,0,207,0.05,1.2
11.6,50.6,45.8,0,206,0.05,1.6
10.8,51.8,45.8,0,202,0.05,1.7
14.3,52.2,45.8,0,203,0.27,1.3
19.5,53.9,45.9,0,206,0.61,1.8
17.0,53.7,45.7,0,204,0.38,1.6
14.9,53.5,45.8,0,198,0.61,1.2
8.9,52.9,45.8,0,200,0.28,1.7
13.5,54.0,45.9,0,195,0.5,1.7
14.0,53.8,45.8,0,191,0.39,1.4
14.7,55.0,45.8,0,191,0.32,1.4
16.3,54.5,45.8,0,193,0.63,2.1
14.9,53.1,45.7,0,189,0.25,1.6
9.2,51.4,45.9,1,192,0.36,1.3
12.8,52.5,45.7,1,188,0.59,0.8
11.0,51.7,45.8,1,200,0.45,1.4
15.6,52.6,45.9,0,196,0.76,1.7
12.5,52.5,45.8,0,197,0.54,1.9
8.5,52.1,45.8,0,196,0.48,1.5
4.9,51.5,45.9,0,189,0.09,2.0
6.7,52.5,45.8,0,197,0.26,1.5
10.5,53.2,45.8,1,200,0.13,1.8
9.9,53.7,45.8,0,188,0.12,1.8
13.6,54.4,45.8,0,185,0.23,1.5
5.7,53.7,45.8,0,191,0.05,1.9
10.1,55.1,45.8,0,193,0.07,2.2
8.5,54.8,45.8,0,192,0.05,1.6
5.8,54.8,45.7,0,194,0.05,1.3
7.9,55.7,45.8,0,196,0.1,1.4
7.0,55.9,45.8,0,189,0.05,1.6
17.3,58.0,45.8,1,194,0.2,1.5
12.8,56.4,45.8,0,199,0.05,1.5
15.5,56.5,45.9,1,199,0.27,1.9
16.7,57.2,45.7,2,191,0.45,1.7
16.6,57.8,45.8,0,194,0.35,1.9
16.7,56.9,45.8,0,192,0.33,1.7
15.3,55.9,45.8,0,201,0.28,1.5
15.2,54.6,45.8,0,205,0.73,1.8
14.7,53.7,45.8,0,203,0.52,1.4
17.3,54.5,45.8,0,207,0.48,1.2
18.5,54.4,45.9,1,210,0.25,1.5
16.5,54.2,45.8,1,211,0.28,1.3
15.1,54.8,45.8,0,215,0.6,1.3
9.8,52.6,45.8,0,204,0.22,1.4
6.2,51.9,45.8,0,203,0.19,1.7
12.9,53.4,45.8,0,203,0.14,1.9
10.8,53.2,45.8,0,204,0.42,1.8
14.8,54.6,45.9,0,194,0.34,1.9
10.7,54.4,45.8,0,196,0.24,1.4
9.8,54.5,45.8,0,196,0.07,1.7
13.5,54.7,45.8,0,200,0.38,1.8
9.8,54.6,45.8,0,200,0.32,1.7
11.6,56.1,45.8,0,199,0.52,1.7
16.7,56.4,45.8,0,205,0.78,1.3
13.4,55.7,45.9,0,205,0.18,1.2
17.2,56.6,45.8,0,192,0.26,1.4
14.2,55.7,45.8,1,197,0.35,1.7
17.1,56.4,45.8,0,195,0.65,1.4
14.2,55.9,45.8,0,194,0.27,1.9
15.0,56.7,45.9,3,194,0.65,1.6
13.0,56.0,45.8,0,189,0.61,2.1
12.7,55.8,45.8,0,183,0.51,1.8
10.1,56.3,45.9,0,184,0.49,1.6
4.9,55.9,45.8,0,188,0.14,1.6
11.0,56.7,45.9,0,190,0.5,1.9
11.1,56.0,45.9,0,196,0.46,1.1
8.3,55.3,45.8,0,197,0.45,1.5
8.0,55.5,45.9,0,205,0.53,2.0
10.5,55.8,45.9,0,208,0.49,1.7
3.1,53.4,45.8,0,206,0.35,1.4
7.7,53.5,45.8,0,206,0.41,1.7
6.7,52.8,45.9,1,200,0.15,1.1
14.1,54.3,45.9,0,203,0.57,2.0
8.8,53.3,45.8,0,196,0.42,1.3
10.9,54.3,45.8,0,201,0.57,2.2
7.6,53.2,45.8,1,206,0.22,1.5
12.4,53.6,45.8,0,212,0.52,1.5
17.5,53.5,45.9,1,211,0.77,1.9
14.7,52.3,45.8,0,209,0.29,1.6
14.7,52.1,45.8,1,207,0.26,1.4
11.9,51.3,45.8,0,209,0.13,1.0
6.1,49.9,45.8,1,204,0.05,1.3
7.8,50.4,45.8,1,206,0.05,1.7
14.0,51.3,45.8,0,207,0.55,1.3
12.5,50.1,45.8,0,202,0.45,1.3
16.7,51.1,45.8,0,198,0.83,1.6
23.9,52.7,45.7,0,200,1.21,2.0
19.6,51.3,45.9,1,201,0.62,1.1
14.4,52.2,45.8,0,208,0.32,1.3
10.7,49.9,45.7,0,204,0.42,1.4
12.2,49.2,45.8,1,201,0.28,1.4
10.1,48.5,45.8,0,206,0.41,1.2
11.6,48.4,45.9,0,206,0.56,1.4
16.2,48.8,45.8,0,209,0.86,1.2
13.7,48.4,45.8,0,204,0.89,1.5
19.1,50.2,45.9,1,197,1.03,1.1
14.4,49.5,45.7,1,191,0.76,1.3
17.7,50.3,45.8,1,192,1.1,1.6
12.8,50.2,45.9,0,195,0.85,1.2
12.5,49.2,45.9,1,197,0.7,1.5
10.4,48.7,45.8,0,198,0.45,0.9
14.9,49.6,45.9,0,192,0.41,1.7
8.1,48.0,45.9,0,194,0.55,1.4
15.1,49.3,45.8,0,196,1.02,1.9
15.4,49.2,45.8,0,197,1.08,1.7
12.8,48.3,45.9,0,194,0.85,0.9
11.9,47.4,45.8,0,193,0.57,1.1
14.2,47.2,45.8,1,191,0.46,1.4
18.0,47.8,45.9,0,190,0.86,1.0
18.0,48.1,45.8,0,200,0.75,1.6
19.4,48.7,45.9,0,204,1.0,1.6
24.5,50.1,45.8,0,204,1.17,1.7
18.7,47.5,45.7,0,210,0.98,0.7
17.0,46.6,45.8,0,211,0.65,0.7
20.7,46.7,45.9,0,214,0.86,1.2
17.8,46.1,45.8,0,207,0.87,0.2
15.4,45.7,45.9,0,203,0.63,1.1
13.9,45.2,45.8,0,209,0.38,1.7
17.2,46.5,45.9,0,212,0.73,1.2
13.6,45.5,45.9,0,202,0.44,1.2
7.3,44.3,45.8,0,206,0.6,0.6
5.2,44.2,45.9,0,206,0.5,1.5
6.7,44.8,45.9,0,205,0.54,0.8
8.4,45.0,45.9,0,207,0.94,1.2
11.7,46.5,45.9,0,201,1.06,1.1
6.8,45.9,45.9,0,208,0.67,0.9
11.6,47.4,45.9,0,199,0.7,1.3
9.6,47.1,45.9,1,196,0.46,1.5
6.5,46.6,45.9,2,196,0.48,0.9
13.7,47.6,45.8,1,199,0.51,1.3
12.3,46.1,45.9,0,200,0.44,0.9
5.5,44.1,45.9,1,203,0.05,0.9
7.3,43.5,45.8,0,207,0.1,1.7
11.8,44.4,45.8,1,200,0.05,1.2
12.3,43.7,45.9,0,195,0.18,0.9
13.5,43.7,45.8,0,203,0.24,0.9
11.3,42.7,46.0,0,199,0.43,1.4
14.5,43.4,45.9,0,200,0.39,1.3
12.5,43.0,45.9,0,200,0.05,1.5
19.0,45.2,45.9,0,205,0.47,1.2
15.7,45.1,45.9,0,198,0.69,1.4
12.7,45.5,45.9,0,208,0.27,1.6
16.7,46.3,45.8,0,203,0.63,0.9
17.8,45.5,45.8,0,206,0.48,1.1
17.5,46.1,45.8,0,210,0.53,1.2
10.6,45.9,45.8,0,207,0.27,0.6
18.7,47.3,45.8,0,213,0.43,1.5
14.8,47.3,45.8,0,212,0.2,1.0
16.2,47.5,45.8,0,211,0.63,0.9
13.4,47.0,45.8,0,212,0.05,1.1
13.7,47.0,45.8,1,205,0.33,1.3
13.2,46.5,45.9,0,208,0.32,1.7
10.9,45.8,45.8,0,200,0.19,1.2
11.2,44.8,45.8,1,205,0.34,1.6
12.0,45.1,45.9,0,209,0.12,1.4
14.8,45.7,45.8,0,199,0.46,1.4
12.4,45.7,45.9,0,202,0.4,1.3
15.4,46.3,45.8,0,208,0.65,1.0
14.7,46.4,45.8,0,211,0.46,1.3
21.0,49.0,45.9,0,206,0.69,1.6
17.6,48.9,45.8,1,208,0.43,1.1
13.4,48.0,45.9,0,210,0.1,1.8
8.4,47.1,45.9,0,207,0.05,0.7
9.3,47.3,45.8,1,205,0.13,1.3
11.8,48.5,45.9,0,212,0.2,1.5
13.1,48.4,45.9,1,208,0.4,1.4
4.8,47.3,45.8,0,200,0.13,1.2
9.8,48.5,45.9,0,199,0.22,0.8
7.7,46.5,45.8,1,203,0.05,1.2
7.2,46.7,45.9,0,204,0.05,1.3
7.5,46.4,45.9,0,203,0.05,1.3
6.5,45.6,45.8,0,200,0.08,0.7
6.7,45.6,45.9,0,192,0.48,1.3
13.0,47.0,45.8,1,194,0.31,1.0
4.6,46.8,45.8,0,187,0.05,1.3
14.3,48.7,45.9,0,182,0.3,1.4
12.9,47.9,45.8,0,187,0.56,1.4
10.1,47.3,45.8,0,187,0.61,1.8
15.7,48.6,45.8,1,189,0.45,1.5
14.9,47.9,45.8,0,193,1.09,1.5
11.6,47.1,45.9,0,190,0.95,1.0
12.6,46.3,45.8,0,191,0.85,1.0
14.3,45.9,45.8,0,191,0.8,1.1
9.7,44.7,45.9,0,192,0.73,0.8
10.4,45.3,45.9,0,189,0.54,1.3
12.7,45.2,45.9,0,191,0.34,1.2
9.6,44.1,45.8,0,191,0.7,1.5
8.5,43.9,45.9,0,202,0.44,1.2
9.9,43.6,45.9,0,190,0.88,0.7
9.1,43.1,45.8,0,192,0.8,1.1
11.8,43.2,45.9,1,191,0.51,0.6
9.4,43.8,45.8,0,201,0.39,1.4
8.7,43.4,46.0,0,198,0.52,1.3
4.5,43.4,45.8,0,201,0.35,1.0
5.6,43.8,45.8,0,198,0.2,0.6
5.1,44.7,45.9,0,198,0.05,1.7
5.4,44.2,45.9,0,196,0.08,1.3
10.1,45.3,45.9,0,195,0.27,0.8
5.5,42.9,45.9,0,188,0.05,0.7
12.6,45.1,45.9,0,194,0.54,0.6
11.0,45.2,45.9,0,202,0.62,1.4
14.8,45.8,45.9,0,195,1.01,1.4
15.1,47.1,45.9,0,200,0.97,1.2
6.0,47.0,45.9,2,200,0.55,0.7
6.1,47.9,45.8,0,202,0.09,1.4
7.7,49.1,45.9,1,201,0.05,1.0
6.8,48.9,45.8,0,206,0.05,0.9
7.8,48.5,45.9,1,206,0.05,1.2
7.2,47.4,45.8,1,205,0.05,1.2
8.8,48.3,45.8,0,211,0.34,1.3
10.3,47.4,45.9,0,208,0.67,1.2
8.6,46.9,45.9,0,208,0.77,1.8
10.6,48.4,45.9,0,204,0.69,1.7
17.3,49.9,46.0,0,198,0.8,1.5
18.3,49.3,45.8,0,200,0.71,2.1
13.2,47.7,45.9,0,198,0.41,1.3
12.4,48.3,45.9,0,189,0.75,2.0
14.1,48.0,45.9,0,195,0.87,1.1
8.1,46.4,45.8,0,199,0.54,0.8
4.9,44.9,45.8,0,199,0.49,1.1
6.7,45.3,45.8,1,202,0.5,0.8
4.8,44.5,45.9,0,200,0.13,1.1
4.9,45.2,46.0,1,199,0.31,1.0
4.2,44.4,45.8,0,194,0.1,1.3
9.4,45.2,45.9,0,191,0.51,1.1
7.6,43.4,45.9,0,191,0.52,1.3
8.4,44.4,45.8,1,191,0.54,1.6
9.2,45.3,45.8,0,193,0.85,0.7
12.0,45.7,45.9,1,196,0.53,1.5
4.6,44.4,45.8,1,190,0.79,1.1
7.3,45.2,45.9,0,190,0.9,1.0
10.2,46.4,45.8,0,194,1.18,1.7
16.5,46.7,45.9,1,197,1.15,1.4
9.8,44.8,45.9,0,188,0.65,0.8
6.4,45.5,45.8,0,193,0.45,1.3
7.8,46.5,45.8,0,193,0.31,0.7
11.6,47.6,45.9,0,195,0.63,1.8
7.4,46.7,45.9,0,194,0.32,1.8
10.7,47.9,45.8,1,193,0.59,0.9
11.7,48.6,45.9,2,195,0.72,1.4
10.2,48.8,45.9,0,194,0.51,1.1
8.3,47.7,45.9,1,192,0.19,2.0
13.2,48.6,45.9,1,190,0.4,2.0
16.1,49.4,45.8,0,194,0.52,1.4
12.4,48.8,45.8,0,193,0.57,1.9
14.4,48.6,45.9,0,190,0.71,0.9
11.4,47.8,45.9,1,189,0.53,0.9
13.8,47.7,45.9,0,190,0.61,1.0
12.4,47.1,45.8,1,189,0.57,0.6
12.0,47.2,46.0,0,188,0.48,1.6
12.2,47.6,45.9,0,188,0.74,1.0
10.6,47.6,45.9,0,190,0.32,1.0
12.4,48.5,45.9,0,182,0.29,1.7
7.6,47.6,45.8,0,188,0.37,1.1
6.0,46.5,45.8,0,193,0.29,1.4
4.2,46.2,45.9,0,197,0.16,1.4
4.8,46.0,45.9,0,201,0.1,1.6
8.6,45.8,46.0,1,201,0.27,0.9
5.7,44.8,45.9,1,198,0.05,1.0
8.6,45.6,45.8,0,200,0.15,1.1
11.1,46.8,45.9,0,198,0.27,1.1
9.6,46.4,45.9,1,194,0.2,1.0
12.5,46.2,45.9,0,191,0.31,1.3
10.1,45.7,45.9,1,193,0.51,1.0
8.4,44.9,45.8,0,192,0.41,1.5
4.7,44.9,45.8,1,196,0.23,0.7
5.5,44.3,46.0,1,193,0.45,1.4
6.6,45.1,45.8,0,194,0.59,0.7
2.8,44.2,45.8,0,199,0.61,1.3
2.8,44.5,45.8,0,199,0.35,1.5
9.5,45.4,45.8,2,196,0.81,0.5
9.2,45.7,45.9,0,199,0.61,1.0
12.5,46.3,45.9,1,203,0.66,0.8
12.7,46.3,45.8,0,201,0.49,1.6
8.6,44.8,45.9,0,208,0.18,1.3
10.5,44.9,45.9,0,204,0.38,1.4
8.7,43.4,45.8,0,205,0.51,1.2
5.7,43.2,45.9,0,201,0.51,1.2
9.3,43.8,45.9,0,205,0.73,1.2
13.3,45.5,45.8,0,204,0.56,0.8
9.9,44.0,45.9,1,209,0.38,0.9
9.7,44.9,45.9,1,200,0.31,1.4
10.5,45.4,45.9,2,198,0.29,1.6
10.9,45.2,45.9,0,191,0.34,0.9
15.3,46.4,45.9,1,198,0.9,1.4
13.4,45.3,45.9,0,202,1.13,1.4
8.1,43.5,45.9,1,200,0.84,0.6
14.1,45.5,45.8,2,197,1.31,0.8
20.6,45.6,45.9,0,192,1.62,0.9
17.7,45.1,45.9,1,196,1.31,1.7
14.0,45.2,45.8,0,201,0.99,1.4
12.6,45.1,45.9,0,201,0.88,0.9
9.9,45.4,46.0,0,197,0.55,1.2
13.3,46.0,45.8,0,203,0.65,1.3
12.5,45.4,46.0,2,200,0.48,1.5
13.6,46.4,46.0,0,196,0.88,1.3
13.5,46.9,45.9,1,199,0.64,2.0
8.6,45.9,45.9,1,200,0.43,1.1
7.5,46.5,46.0,0,199,0.11,1.5
11.1,46.6,45.9,0,200,0.28,1.2
13.0,47.6,45.9,1,200,0.64,1.0
16.7,48.1,45.9,0,205,0.69,1.3
15.0,47.9,45.8,0,206,0.61,1.3
18.1,48.6,45.9,0,199,0.82,1.5
18.4,48.8,46.0,0,199,0.71,1.4
17.5,48.9,45.8,0,209,1.05,1.9
19.0,50.1,45.9,1,206,1.01,1.3
17.2,50.5,45.9,2,206,0.76,1.7
15.2,50.2,45.8,0,207,1.06,1.2
11.9,49.5,45.9,0,206,1.13,1.1
7.4,48.0,45.9,1,203,0.98,1.3
8.6,49.2,46.0,0,210,1.08,1.3
7.1,49.4,45.9,0,215,0.75,1.2
8.3,49.2,45.9,0,209,0.34,1.6
13.7,50.4,45.9,0,212,0.52,1.0
10.6,50.7,45.9,0,202,0.69,2.0
11.9,50.4,45.9,0,196,0.83,1.7
5.5,49.3,45.9,0,191,0.77,1.4
11.8,50.5,45.9,0,192,1.15,1.2
